,timestamp,icao24,latitude,longitude,groundspeed,vertical_rate,callsign,altitude,squawk,x,y
0,2021-05-10 04:51:50+00:00,7c6d75,-33.94077107057734,151.18778228759766,81.86774598625028,10.40384,JST517,1175.0,3235.0,1575951.1650273192,-3930526.95255131
1,2021-05-10 04:52:00+00:00,7c6d75,-33.934478759765625,151.1916616011639,84.20711307508914,10.40384,JST517,1575.0,3235.0,1576399.333214303,-3929887.711223906
2,2021-05-10 04:52:10+00:00,7c6d75,-33.93006405587926,151.19939804077148,86.76430162096344,11.05408,JST517,1925.0,3235.0,1577170.763623433,-3929502.1588293402
3,2021-05-10 04:52:20+00:00,7c6d75,-33.92917956336072,151.20906829833984,87.7952608264592,10.72896,JST517,2275.0,3235.0,1578065.2943208213,-3929526.8624375267
4,2021-05-10 04:52:30+00:00,7c6d75,-33.9312744140625,151.21788024902344,93.44772951212596,7.152640000000001,JST517,2475.0,3235.0,1578836.7128217493,-3929866.5479696696
5,2021-05-10 04:52:40+00:00,7c6d75,-33.934952040850135,151.2278938293457,100.32581318534304,7.152640000000001,JST517,2700.0,3235.0,1579693.7148429938,-3930394.416334084
6,2021-05-10 04:52:50+00:00,7c6d75,-33.93896484375,151.23779296875,107.00558863708494,8.77824,JST517,2950.0,3235.0,1580535.157443578,-3930957.553377605
7,2021-05-10 04:53:00+00:00,7c6d75,-33.94189453125,151.24973219268176,114.09064339999588,8.77824,JST517,3150.0,3235.0,1581578.7471624394,-3931428.025562409
8,2021-05-10 04:53:10+00:00,7c6d75,-33.94221418994971,151.26188278198242,119.35211671036755,8.77824,JST517,3425.0,3235.0,1582680.9572033717,-3931615.9385495186
9,2021-05-10 04:53:20+00:00,7c6d75,-33.941841772047155,151.27532958984375,127.7572761008332,10.07872,JST517,3700.0,3235.0,1583911.7066995227,-3931744.640232095
10,2021-05-10 04:53:30+00:00,7c6d75,-33.94105038400426,151.29060745239258,134.1121073159008,9.7536,JST517,4050.0,3235.0,1585315.609919334,-3931850.772806234
11,2021-05-10 04:53:40+00:00,7c6d75,-33.94007278701008,151.30451202392578,139.40293363063543,10.40384,JST517,4375.0,3235.0,1586597.2156209066,-3931919.3847211255
12,2021-05-10 04:53:50+00:00,7c6d75,-33.93890898106463,151.3205337524414,145.5976496849918,9.42848,JST517,4725.0,3235.0,1588074.534506481,-3931994.538494138
13,2021-05-10 04:54:00+00:00,7c6d75,-33.93788483183266,151.3356971740723,152.1824133172497,9.42848,JST517,5050.0,3235.0,1589471.5442248685,-3932074.292461125
14,2021-05-10 04:54:10+00:00,7c6d75,-33.936907234838486,151.35337829589844,160.83596171960173,8.128,JST517,5300.0,3235.0,1591097.2249960268,-3932191.179235267
15,2021-05-10 04:54:20+00:00,7c6d75,-33.93598937988281,151.37159075055803,168.50691552574762,7.477760000000001,JST517,5525.0,3235.0,1592770.402211004,-3932321.5609917548
16,2021-05-10 04:54:30+00:00,7c6d75,-33.935211181640625,151.38919129663586,175.69750131314134,7.477760000000001,JST517,5750.0,3235.0,1594385.7029146242,-3932459.6883421536
17,2021-05-10 04:54:40+00:00,7c6d75,-33.934300309520665,151.4089393615723,181.86159315019188,11.3792,JST517,6075.0,3235.0,1596198.6593792983,-3932610.8177568153
18,2021-05-10 04:54:50+00:00,7c6d75,-33.9334716796875,151.42842818279655,184.4035981547713,15.93088,JST517,6550.0,3235.0,1597986.7359747072,-3932767.9265214326
19,2021-05-10 04:55:00+00:00,7c6d75,-33.93260192871094,151.44922373246175,186.45880666876008,17.881600000000002,JST517,7100.0,3235.0,1599894.4714245172,-3932937.4556132574
20,2021-05-10 04:55:10+00:00,7c6d75,-33.93178648867848,151.46839141845703,186.45880666876008,14.955520000000002,JST517,7750.0,3235.0,1601653.0700606068,-3933092.49057503
21,2021-05-10 04:55:20+00:00,7c6d75,-33.93095397949219,151.48879693478955,186.45880666876008,14.955520000000002,JST517,8275.0,3235.0,1603524.681361774,-3933261.7241791664
22,2021-05-10 04:55:30+00:00,7c6d75,-33.9406779661017,151.50903195750956,188.78692993191024,14.955520000000002,JST517,8725.0,3235.0,1605218.9684738596,-3934582.7431408158
23,2021-05-10 04:55:40+00:00,7c6d75,-33.9406779661017,151.52803382095027,191.27979852933467,11.70432,JST517,9150.0,3235.0,1606949.744527369,-3934825.5878287433
24,2021-05-10 04:55:50+00:00,7c6d75,-33.9406779661017,151.5494728088379,194.90096412736776,14.305280000000002,JST517,9500.0,3235.0,1608902.460837307,-3935099.8932734025
25,2021-05-10 04:56:00+00:00,7c6d75,-33.94976806640625,151.56155333227042,194.8323789882851,14.305280000000002,JST517,9925.0,3235.0,1609863.0384212302,-3936247.97437942
26,2021-05-10 04:56:10+00:00,7c6d75,-33.96320924920553,151.56155333227042,194.8323789882851,13.32992,JST517,10475.0,3235.0,1609656.4257143857,-3937716.867317968
27,2021-05-10 04:56:20+00:00,7c6d75,-33.97936287572827,151.56155333227042,194.8323789882851,13.32992,JST517,10950.0,3235.0,1609408.109856324,-3939482.2447529165
28,2021-05-10 04:56:30+00:00,7c6d75,-33.99481201171875,151.56155333227042,195.12285162816005,13.65504,JST517,11350.0,3235.0,1609170.6148209467,-3941170.6926017147
29,2021-05-10 04:56:40+00:00,7c6d75,-34.013346009335294,151.56155333227042,195.0563797209659,13.65504,JST517,11775.0,3235.0,1608885.6858537176,-3943196.367374302
30,2021-05-10 04:56:50+00:00,7c6d75,-34.029872053760585,151.56155333227042,192.91375627915565,14.305280000000002,JST517,12250.0,3235.0,1608631.6153989835,-3945002.6565544438
31,2021-05-10 04:57:00+00:00,7c6d75,-34.04667741161285,151.56155333227042,193.0269023880892,16.581120000000002,JST517,12625.0,3235.0,1608373.240733086,-3946839.5461051073
32,2021-05-10 04:57:10+00:00,7c6d75,-34.06096894862287,151.56155333227042,191.28464102961016,16.581120000000002,JST517,13050.0,3235.0,1608153.5069071723,-3948401.7223631623
33,2021-05-10 04:57:20+00:00,7c6d75,-34.07281494140625,151.56155333227042,191.6233119484773,15.60576,JST517,13575.0,3235.0,1607971.3679844989,-3949696.6213141317
34,2021-05-10 04:57:30+00:00,7c6d75,-34.08336057501327,151.54489517211914,191.6233119484773,13.0048,JST517,14025.0,3235.0,1606294.0436412718,-3950636.386598525
35,2021-05-10 04:57:40+00:00,7c6d75,-34.09239170914992,151.52875900268555,191.6233119484773,11.05408,JST517,14375.0,3235.0,1604687.7123952801,-3951417.5214059646
36,2021-05-10 04:57:50+00:00,7c6d75,-34.102020263671875,151.51076959103955,194.3618179655476,11.05408,JST517,14700.0,3235.0,1602903.9013348415,-3952240.576039307
37,2021-05-10 04:58:00+00:00,7c6d75,-34.110992431640625,151.4941219407685,195.76267254519817,12.02944,JST517,15100.0,3235.0,1601252.4279205878,-3953009.2632063753
38,2021-05-10 04:58:10+00:00,7c6d75,-34.12129211425781,151.47573665696748,197.62820067650412,13.0048,JST517,15500.0,3235.0,1599422.8606297625,-3953901.236268866
39,2021-05-10 04:58:20+00:00,7c6d75,-34.1319580078125,151.4574634785555,198.42605912989603,13.0048,JST517,15925.0,3235.0,1597598.1795050253,-3954834.9943420864
40,2021-05-10 04:58:30+00:00,7c6d75,-34.141937255859375,151.4410400390625,200.53882308824683,10.07872,JST517,16275.0,3235.0,1595952.4594788274,-3955717.478676641
41,2021-05-10 04:58:40+00:00,7c6d75,-34.15309582726434,151.4231300354004,203.41430617067485,10.72896,JST517,16575.0,3235.0,1594153.8552600392,-3956710.3247557273
42,2021-05-10 04:58:50+00:00,7c6d75,-34.164314916578405,151.4055061340332,206.1078652384132,10.72896,JST517,16875.0,3235.0,1592380.6465743468,-3957713.726911073
43,2021-05-10 04:59:00+00:00,7c6d75,-34.175994873046875,151.38750971580038,207.05524227033723,13.0048,JST517,17275.0,3235.0,1590566.8686254988,-3958763.1202887925
44,2021-05-10 04:59:10+00:00,7c6d75,-34.187777244438564,151.36945724487305,207.37262526261424,12.67968,JST517,17725.0,3235.0,1588746.7665809696,-3959823.3265054533
45,2021-05-10 04:59:20+00:00,7c6d75,-34.19857736361229,151.35292053222656,207.37262526261424,12.67968,JST517,18175.0,3235.0,1587079.672284179,-3960795.5677093784
46,2021-05-10 04:59:30+00:00,7c6d75,-34.21087646484375,151.3340914979273,208.4996535117229,12.02944,JST517,18525.0,3235.0,1585181.7966288887,-3961903.115971712
47,2021-05-10 04:59:40+00:00,7c6d75,-34.221771240234375,151.3173317422672,209.6269349272648,12.02944,JST517,18875.0,3235.0,1583493.5978028155,-3962883.480925319
48,2021-05-10 04:59:50+00:00,7c6d75,-34.233631198689125,151.29901885986328,209.7165528048204,12.02944,JST517,19275.0,3235.0,1581649.9531766714,-3963950.153841703
49,2021-05-10 05:00:00+00:00,7c6d75,-34.24519942978682,151.28108024597168,211.56666111784105,11.054079999999999,JST517,19575.0,3235.0,1579845.0638926257,-3964989.951010613
50,2021-05-10 05:00:10+00:00,7c6d75,-34.25676766088452,151.26314163208008,213.4167694308617,10.07872,JST517,19875.0,3235.0,1578040.4988112277,-3966030.06604422
51,2021-05-10 05:00:20+00:00,7c6d75,-34.26924133300781,151.2436785016741,214.5453530666157,10.07872,JST517,20200.0,3235.0,1576084.1127531903,-3967150.4357910743
52,2021-05-10 05:00:30+00:00,7c6d75,-34.28018343650689,151.22669219970703,215.9886869622808,10.07872,JST517,20525.0,3235.0,1574376.15918386,-3968134.64001852
53,2021-05-10 05:00:40+00:00,7c6d75,-34.2930318541446,151.20660781860352,217.1173100001571,10.40384,JST517,20875.0,3235.0,1572358.4194645234,-3969288.9381357026
54,2021-05-10 05:00:50+00:00,7c6d75,-34.303831973318324,151.1897850036621,217.8389412383829,10.40384,JST517,21200.0,3235.0,1570668.0818661111,-3970260.271208452
55,2021-05-10 05:01:00+00:00,7c6d75,-34.316802978515625,151.16957683952486,218.56061161273195,10.40384,JST517,21550.0,3235.0,1568638.0009584012,-3971427.1683239653
56,2021-05-10 05:01:10+00:00,7c6d75,-34.329109838453405,151.15041732788086,218.96769663112408,10.40384,JST517,21875.0,3235.0,1566713.5099248586,-3972534.863685991
57,2021-05-10 05:01:20+00:00,7c6d75,-34.3406982421875,151.1323017976722,219.6892730935824,9.7536,JST517,22200.0,3235.0,1564894.9400539629,-3973577.296332596
58,2021-05-10 05:01:30+00:00,7c6d75,-34.35354976330774,151.1121940612793,221.1325431338173,7.80288,JST517,22475.0,3235.0,1562876.931436242,-3974733.510855442
59,2021-05-10 05:01:40+00:00,7c6d75,-34.364776611328125,151.09463438695792,222.6686929172665,7.80288,JST517,22700.0,3235.0,1561114.9182165451,-3975743.959170299
60,2021-05-10 05:01:50+00:00,7c6d75,-34.37754821777344,151.07467962771045,223.3901618301784,9.10336,JST517,22975.0,3235.0,1559112.744818213,-3976894.0701114237
61,2021-05-10 05:02:00+00:00,7c6d75,-34.38888291181144,151.05697631835938,224.1116699550901,9.10336,JST517,23250.0,3235.0,1557336.7447988084,-3977915.191273704
62,2021-05-10 05:02:10+00:00,7c6d75,-34.401947021484375,151.03656379544006,224.833216914498,8.77824,JST517,23550.0,3235.0,1555289.4228815965,-3979092.394852277
63,2021-05-10 05:02:20+00:00,7c6d75,-34.4150918217029,151.01600646972656,225.55480233570887,8.45312,JST517,23800.0,3235.0,1553228.178050587,-3980277.0519745443
64,2021-05-10 05:02:30+00:00,7c6d75,-34.42677643339516,150.99775314331055,226.27642585076387,8.45312,JST517,24050.0,3235.0,1551398.111114115,-3981330.7124444046
65,2021-05-10 05:02:40+00:00,7c6d75,-34.439483642578125,150.977820571588,226.6836645598973,8.128,JST517,24325.0,3235.0,1549400.8444173941,-3982475.9497554484
66,2021-05-10 05:02:50+00:00,7c6d75,-34.45143127441406,150.95904291892538,227.8127415800064,7.152640000000001,JST517,24575.0,3235.0,1547520.0109778817,-3983552.63614529
67,2021-05-10 05:03:00+00:00,7c6d75,-34.46471650721662,150.9381866455078,228.53418365059508,7.152640000000001,JST517,24800.0,3235.0,1545431.1640774934,-3984750.5605570525
68,2021-05-10 05:03:10+00:00,7c6d75,-34.47706604003906,150.91885313695792,228.84837660439013,9.10336,JST517,25050.0,3235.0,1543494.7076361969,-3985865.1575596025
69,2021-05-10 05:03:20+00:00,7c6d75,-34.48942565917969,150.89957101004464,229.2556642222949,9.10336,JST517,25375.0,3235.0,1541563.1343769142,-3986981.8568822667
70,2021-05-10 05:03:30+00:00,7c6d75,-34.50274968551378,150.87862014770508,229.6633819023068,7.477760000000001,JST517,25650.0,3235.0,1539466.37712563,-3988184.089921594
71,2021-05-10 05:03:40+00:00,7c6d75,-34.514373779296875,150.86033412388394,230.79278888877147,6.502400000000001,JST517,25850.0,3235.0,1537636.7502291328,-3989233.1893907087
72,2021-05-10 05:03:50+00:00,7c6d75,-34.52784134169758,150.83913803100586,231.92240156052333,6.502400000000001,JST517,26075.0,3235.0,1535516.4646171406,-3990448.9530257448
73,2021-05-10 05:04:00+00:00,7c6d75,-34.53980526681676,150.8203125,232.956807526075,6.502400000000001,JST517,26300.0,3235.0,1533633.6478860434,-3991529.397188235
74,2021-05-10 05:04:10+00:00,7c6d75,-34.553375244140625,150.79890037069515,234.4945003906789,5.52704,JST517,26500.0,3235.0,1531493.1204002684,-3992754.57810609
75,2021-05-10 05:04:20+00:00,7c6d75,-34.56623840332031,150.7785532425861,236.34545018091416,7.477760000000001,JST517,26650.0,3235.0,1529459.9496605298,-3993915.745959785
76,2021-05-10 05:04:30+00:00,7c6d75,-34.57832336425781,150.7591590102838,236.77002168081407,7.477760000000001,JST517,26850.0,3235.0,1527524.9613286788,-3995003.654621098
77,2021-05-10 05:04:40+00:00,7c6d75,-34.59119893736761,150.73797225952148,236.77002168081407,9.10336,JST517,27150.0,3235.0,1525416.3402444164,-3996156.78140739
78,2021-05-10 05:04:50+00:00,7c6d75,-34.60345458984375,150.71751185825894,236.58272239530223,9.10336,JST517,27450.0,3235.0,1523383.0307849015,-3997251.2303152066
79,2021-05-10 05:05:00+00:00,7c6d75,-34.61666301145391,150.69534301757812,237.000168881664,6.1772800000000005,JST517,27675.0,3235.0,1521181.4153361872,-3998429.7867348227
80,2021-05-10 05:05:10+00:00,7c6d75,-34.629139011189125,150.67434310913086,236.46747364990944,6.1772800000000005,JST517,27800.0,3235.0,1519096.8351439491,-3999542.6937164725
81,2021-05-10 05:05:20+00:00,7c6d75,-34.64122009277344,150.65422836615116,236.46747364990944,14.955520000000002,JST517,28225.0,3235.0,1517098.5922882508,-4000623.435703451
82,2021-05-10 05:05:30+00:00,7c6d75,-34.654083251953125,150.63276018415178,232.7607548872637,10.40384,JST517,28775.0,3235.0,1514966.7639078184,-4001773.9491600855
83,2021-05-10 05:05:40+00:00,7c6d75,-34.66582217458955,150.61317443847656,231.3236788360978,10.40384,JST517,29175.0,3235.0,1513022.1874788096,-4002824.367813767
84,2021-05-10 05:05:50+00:00,7c6d75,-34.67853093551378,150.59200286865234,231.3236788360978,6.1772800000000005,JST517,29400.0,3235.0,1510920.2842090458,-4003962.372605462
85,2021-05-10 05:06:00+00:00,7c6d75,-34.689563815876625,150.57357788085938,231.7403205247336,8.128,JST517,29600.0,3235.0,1509091.7974893702,-4004950.1161973537
86,2021-05-10 05:06:10+00:00,7c6d75,-34.70227257680085,150.5522918701172,231.3236788360978,8.128,JST517,29825.0,3235.0,1506980.3212441998,-4006087.5534728277
87,2021-05-10 05:06:20+00:00,7c6d75,-34.71549341234112,150.5302619934082,231.3236788360978,8.128,JST517,30100.0,3235.0,1504794.5165107807,-4007272.6451263926
88,2021-05-10 05:06:30+00:00,7c6d75,-34.726776123046875,150.5115182059152,230.9074315150646,9.7536,JST517,30375.0,3235.0,1502934.6241439227,-4008285.0520350137
89,2021-05-10 05:06:40+00:00,7c6d75,-34.73965402376854,150.4900360107422,229.05413292590288,11.3792,JST517,30775.0,3235.0,1500804.1835086904,-4009439.9541924847
90,2021-05-10 05:06:50+00:00,7c6d75,-34.7505472474179,150.47195434570312,227.2008597262512,11.3792,JST517,31150.0,3235.0,1499010.5388833706,-4010418.285494611
91,2021-05-10 05:07:00+00:00,7c6d75,-34.763721530720375,150.44992446899414,227.31498537416823,7.152640000000001,JST517,31450.0,3235.0,1496827.0680318947,-4011599.9727420416
92,2021-05-10 05:07:10+00:00,7c6d75,-34.776150978217686,150.42909622192383,227.31498537416823,6.1772800000000005,JST517,31625.0,3235.0,1494763.491264036,-4012714.755409374
93,2021-05-10 05:07:20+00:00,7c6d75,-34.7874166197696,150.41021347045898,227.31498537416823,6.1772800000000005,JST517,31800.0,3235.0,1492893.056609522,-4013725.4606031547
94,2021-05-10 05:07:30+00:00,7c6d75,-34.79984606726697,150.3893280029297,227.01382593664863,6.827520000000001,JST517,32025.0,3235.0,1490825.0764065634,-4014840.3565474683
95,2021-05-10 05:07:40+00:00,7c6d75,-34.811111708818885,150.37044525146484,227.01382593664863,8.45312,JST517,32275.0,3235.0,1488955.3421164146,-4015851.780603454
96,2021-05-10 05:07:50+00:00,7c6d75,-34.823494604078405,150.34967422485352,225.4615024536741,8.45312,JST517,32575.0,3235.0,1486899.1524526882,-4016963.7203719085
97,2021-05-10 05:08:00+00:00,7c6d75,-34.83438782772777,150.33136367797852,225.160214713704,8.45312,JST517,32850.0,3235.0,1485087.1944525847,-4017941.781861588
98,2021-05-10 05:08:10+00:00,7c6d75,-34.84675598144531,150.31068140146684,225.160214713704,3.90144,JST517,33025.0,3235.0,1483039.9970342536,-4019053.9290187773
99,2021-05-10 05:08:20+00:00,7c6d75,-34.85911560058594,150.28982979910714,227.01382593664863,3.90144,JST517,33125.0,3235.0,1480978.0143967492,-4020163.554489444
100,2021-05-10 05:08:30+00:00,7c6d75,-34.870139946371864,150.2713394165039,226.17991336984105,5.8521600000000005,JST517,33300.0,3235.0,1479148.9479847285,-4021154.9289400247
101,2021-05-10 05:08:40+00:00,7c6d75,-34.882781982421875,150.2500884386958,226.17991336984105,6.502400000000001,JST517,33575.0,3235.0,1477047.6008298108,-4022291.621785902
102,2021-05-10 05:08:50+00:00,7c6d75,-34.89422607421875,150.23091841717155,225.04499633320145,6.502400000000001,JST517,33875.0,3235.0,1475151.8146852667,-4023321.7645522323
103,2021-05-10 05:09:00+00:00,7c6d75,-34.90653991699219,150.21034707828443,223.6080422749489,6.502400000000001,JST517,34175.0,3235.0,1473117.3577248096,-4024431.242816751
104,2021-05-10 05:09:10+00:00,7c6d75,-34.91901979608053,150.1894569396973,223.30662413328704,6.502400000000001,JST517,34450.0,3235.0,1471052.1309600119,-4025555.6097459737
105,2021-05-10 05:09:20+00:00,7c6d75,-34.929840087890625,150.17127835020727,223.30662413328704,5.20192,JST517,34600.0,3235.0,1469255.8675737563,-4026530.018496716
106,2021-05-10 05:09:30+00:00,7c6d75,-34.94183039261122,150.1511192321777,223.30662413328704,5.20192,JST517,34750.0,3235.0,1467264.3900085723,-4027609.9869679958
107,2021-05-10 05:09:40+00:00,7c6d75,-34.95286327297407,150.13246536254883,223.4239235229165,4.55168,JST517,34925.0,3235.0,1465422.830255432,-4028602.8451441275
108,2021-05-10 05:09:50+00:00,7c6d75,-34.96552548166051,150.11106491088867,223.84226368399064,4.55168,JST517,35100.0,3235.0,1463310.4491819383,-4029742.8324990263
109,2021-05-10 05:10:00+00:00,7c6d75,-34.976046287407314,150.09315490722656,223.84226368399064,4.55168,JST517,36000.0,3235.0,1461544.0036610374,-4030688.86279465
110,2021-05-10 05:10:10+00:00,7c6d75,-34.98870849609375,150.07164001464844,224.1417807865039,4.55168,JST517,36000.0,3235.0,1459422.0661451968,-4031828.322976754
111,2021-05-10 05:10:20+00:00,7c6d75,-35.000532764499496,150.0516700744629,225.2777237450443,5.20192,JST517,36000.0,3235.0,1457451.8787918384,-4032894.180788025
112,2021-05-10 05:10:30+00:00,7c6d75,-35.011658749337926,150.03278732299805,224.44207734374447,5.20192,JST517,36000.0,3235.0,1455590.059620617,-4033896.3743673046
113,2021-05-10 05:10:40+00:00,7c6d75,-35.02418518066406,150.01152817083866,224.44207734374447,2.60096,JST517,36000.0,3235.0,1453494.3207751715,-4035025.126643951
114,2021-05-10 05:10:50+00:00,7c6d75,-35.03553771972656,149.99241420200894,224.44207734374447,2.60096,JST517,36000.0,3235.0,1451609.1464596856,-4036050.2379042422
115,2021-05-10 05:11:00+00:00,7c6d75,-35.048016047073645,149.9714469909668,222.1713239991296,0.65024,JST517,36000.0,3235.0,1449541.2304703451,-4037177.8948645773
116,2021-05-10 05:11:10+00:00,7c6d75,-35.05989074707031,149.95149573501277,220.01669878133484,0.32512,JST517,36000.0,3235.0,1447573.881670834,-4038251.411853328
117,2021-05-10 05:11:20+00:00,7c6d75,-35.07110595703125,149.93238176618303,218.2807170454381,0.0,JST517,36000.0,3235.0,1445691.699778503,-4039262.5429000533
118,2021-05-10 05:11:30+00:00,7c6d75,-35.08250427246094,149.91304358657527,218.69921444898608,0.0,JST517,36000.0,3235.0,1443787.061344793,-4040291.547256185
119,2021-05-10 05:11:40+00:00,7c6d75,-35.09298550880561,149.8952865600586,218.69921444898608,0.0,JST517,36000.0,3235.0,1442038.2493617248,-4041238.3644586233
120,2021-05-10 05:11:50+00:00,7c6d75,-35.10485632944915,149.8750877380371,218.69921444898608,-0.32512,JST517,36000.0,3235.0,1440050.031907128,-4042310.067833019
121,2021-05-10 05:12:00+00:00,7c6d75,-35.11560989638508,149.85671997070312,219.4168492254348,-0.32512,JST517,36000.0,3235.0,1438242.9493639902,-4043280.438576871
122,2021-05-10 05:12:10+00:00,7c6d75,-35.12757382150426,149.83640670776367,219.83559152527303,0.0,JST517,36000.0,3235.0,1436243.8309686424,-4044361.797720173
123,2021-05-10 05:12:20+00:00,7c6d75,-35.1397705078125,149.81562400350765,220.1345489875392,0.0,JST517,36000.0,3235.0,1434199.5153820955,-4045463.751733012
124,2021-05-10 05:12:30+00:00,7c6d75,-35.15061950683594,149.79718266701212,220.434301595478,0.0,JST517,36000.0,3235.0,1432385.4784914837,-4046444.8012596797
125,2021-05-10 05:12:40+00:00,7c6d75,-35.16334533691406,149.7755463269292,220.8523131017512,0.0,JST517,36000.0,3235.0,1430257.5949517568,-4047595.9264270323
126,2021-05-10 05:12:50+00:00,7c6d75,-35.17378234863281,149.75777762276786,221.27073098392387,0.0,JST517,36000.0,3235.0,1428510.6017263406,-4048540.0763741625
127,2021-05-10 05:13:00+00:00,7c6d75,-35.186043432203405,149.73684310913086,221.27073098392387,0.0,JST517,36000.0,3235.0,1426453.2150852964,-4049648.9327769014
128,2021-05-10 05:13:10+00:00,7c6d75,-35.19763493942003,149.71710205078125,221.6895529410088,0.0,JST517,36000.0,3235.0,1424513.0813332421,-4050698.1864064
129,2021-05-10 05:13:20+00:00,7c6d75,-35.20875549316406,149.6981936084981,221.6895529410088,0.0,JST517,36000.0,3235.0,1422654.8662525099,-4051705.5034705848
130,2021-05-10 05:13:30+00:00,7c6d75,-35.220794677734375,149.67762226961096,221.6895529410088,0.0,JST517,36000.0,3235.0,1420634.4244520813,-4052795.273527058
131,2021-05-10 05:13:40+00:00,7c6d75,-35.23194393869176,149.65862517661236,221.6895529410088,0.0,JST517,36000.0,3235.0,1418768.5133181617,-4053805.452441108
132,2021-05-10 05:13:50+00:00,7c6d75,-35.24395441604872,149.63811346825133,221.6895529410088,0.0,JST517,36000.0,3235.0,1416754.590099868,-4054893.513123407
133,2021-05-10 05:14:00+00:00,7c6d75,-35.25489419193593,149.61947177318817,221.6895529410088,0.0,JST517,36000.0,3235.0,1414924.275436167,-4055885.3901342866
134,2021-05-10 05:14:10+00:00,7c6d75,-35.26670837402344,149.59928512573242,221.6895529410088,0.0,JST517,36000.0,3235.0,1412943.0752092726,-4056956.2997408905
135,2021-05-10 05:14:20+00:00,7c6d75,-35.27891514664992,149.57833148063497,221.3914998848092,0.0,JST517,36000.0,3235.0,1410887.7663552866,-4058062.1221625623
136,2021-05-10 05:14:30+00:00,7c6d75,-35.28976181806144,149.5596897855718,221.3914998848092,0.0,JST517,36000.0,3235.0,1409059.7523700565,-4059044.825528984
137,2021-05-10 05:14:40+00:00,7c6d75,-35.30177229541846,149.53917807721078,221.27073098392387,0.0,JST517,36000.0,3235.0,1407047.697169688,-4060134.810175804
138,2021-05-10 05:14:50+00:00,7c6d75,-35.31215344445184,149.521412950881,220.55312861180423,0.32512,JST517,36000.0,3235.0,1405305.6636302192,-4061076.847390078
139,2021-05-10 05:15:00+00:00,7c6d75,-35.324862205376064,149.49973248420878,220.55312861180423,0.32512,JST517,36000.0,3235.0,1403179.5481780744,-4062231.2686230703
140,2021-05-10 05:15:10+00:00,7c6d75,-35.33636060811705,149.47998046875,220.55312861180423,0.0,JST517,36000.0,3235.0,1401244.0135843535,-4063274.608733411
141,2021-05-10 05:15:20+00:00,7c6d75,-35.34762624966896,149.4606959566157,220.55312861180423,0.0,JST517,36000.0,3235.0,1399354.1001710165,-4064297.9400025257
142,2021-05-10 05:15:30+00:00,7c6d75,-35.359171204647794,149.44100237907247,220.55312861180423,-0.32512,JST517,36000.0,3235.0,1397423.9032897009,-4065347.776514276
143,2021-05-10 05:15:40+00:00,7c6d75,-35.36997132382152,149.42241912192486,220.2547392992361,-0.32512,JST517,36000.0,3235.0,1395604.1327530325,-4066328.4351451667
144,2021-05-10 05:15:50+00:00,7c6d75,-35.38193524894069,149.40190741356383,220.2547392992361,-0.32512,JST517,36000.0,3235.0,1393595.3024397055,-4067415.970501256
145,2021-05-10 05:16:00+00:00,7c6d75,-35.39295959472656,149.3829345703125,220.67429023685688,-0.32512,JST517,36000.0,3235.0,1391738.094480662,-4068417.651990354
146,2021-05-10 05:16:10+00:00,7c6d75,-35.40486145019531,149.3623924255371,220.37726588765508,-0.32512,JST517,36000.0,3235.0,1389728.1067936053,-4069498.792959315
147,2021-05-10 05:16:20+00:00,7c6d75,-35.41698908401747,149.34142417096078,219.6603591597449,0.0,JST517,36000.0,3235.0,1387677.107567873,-4070600.4507422387
148,2021-05-10 05:16:30+00:00,7c6d75,-35.42723057633742,149.323659044631,219.9571484002104,0.0,JST517,36000.0,3235.0,1385940.18588067,-4071530.457990925
149,2021-05-10 05:16:40+00:00,7c6d75,-35.43956691935915,149.3023876433677,219.5374324570741,0.0,JST517,36000.0,3235.0,1383859.8388419307,-4072652.492820533
150,2021-05-10 05:16:50+00:00,7c6d75,-35.4503173828125,149.28388595581055,219.5374324570741,0.0,JST517,35975.0,3235.0,1382050.432435005,-4073631.021660289
151,2021-05-10 05:17:00+00:00,7c6d75,-35.46242406812769,149.2630589261968,218.8201931413799,0.0,JST517,35975.0,3235.0,1380013.9222226753,-4074733.4795931517
152,2021-05-10 05:17:10+00:00,7c6d75,-35.47424833653338,149.2426640936669,218.8201931413799,0.0,JST517,35975.0,3235.0,1378020.4766694743,-4075810.0274699833
153,2021-05-10 05:17:20+00:00,7c6d75,-35.48469543457031,149.2246055603027,218.52307083126263,-0.32512,JST517,35975.0,3235.0,1376256.0082496188,-4076761.0886552315
154,2021-05-10 05:17:30+00:00,7c6d75,-35.496267545021226,149.20456257272275,218.52307083126263,-0.32512,JST517,35975.0,3235.0,1374298.2985624066,-4077814.4902099865
155,2021-05-10 05:17:40+00:00,7c6d75,-35.50692800748146,149.18609619140625,218.94352254125843,-0.32512,JST517,35975.0,3235.0,1372494.926976616,-4078785.214088979
156,2021-05-10 05:17:50+00:00,7c6d75,-35.51870572364936,149.16558448304522,219.069198678488,0.0,JST517,35975.0,3235.0,1370493.0259914105,-4079856.847339276
157,2021-05-10 05:18:00+00:00,7c6d75,-35.53028869628906,149.14546966552734,218.94352254125843,0.0,JST517,35975.0,3235.0,1368529.7892932845,-4080911.7757717683
158,2021-05-10 05:18:10+00:00,7c6d75,-35.541412353515625,149.12612915039062,218.94352254125843,0.0,JST517,35975.0,3235.0,1366642.6512758725,-4081924.976354131
159,2021-05-10 05:18:20+00:00,7c6d75,-35.55343369306144,149.10521811627328,219.6603591597449,0.32512,JST517,35975.0,3235.0,1364602.7273788548,-4083020.232440094
160,2021-05-10 05:18:30+00:00,7c6d75,-35.563675185381385,149.08739455202794,219.78562540131784,0.32512,JST517,35975.0,3235.0,1362864.3725459692,-4083953.559430334
161,2021-05-10 05:18:40+00:00,7c6d75,-35.57569885253906,149.06639099121094,219.6603591597449,0.32512,JST517,35975.0,3235.0,1360816.835861636,-4085048.8314169245
162,2021-05-10 05:18:50+00:00,7c6d75,-35.58659362792969,149.04739379882812,219.6603591597449,0.32512,JST517,35975.0,3235.0,1358964.9734383607,-4086041.99855052
163,2021-05-10 05:19:00+00:00,7c6d75,-35.59840393066406,149.0268516540527,219.240075040309,0.32512,JST517,36000.0,3235.0,1356962.485492555,-4087119.563637286
164,2021-05-10 05:19:10+00:00,7c6d75,-35.61004121424787,149.0067502285572,219.240075040309,0.32512,JST517,36000.0,3235.0,1355002.2697139746,-4088183.2377540846
165,2021-05-10 05:19:20+00:00,7c6d75,-35.620794781183804,148.98822540932514,219.240075040309,0.32512,JST517,36000.0,3235.0,1353195.7434028676,-4089167.016549572
166,2021-05-10 05:19:30+00:00,7c6d75,-35.633038019729895,148.96689557014628,219.36437483165383,0.0,JST517,36000.0,3235.0,1351117.889612448,-4090284.9029312325
167,2021-05-10 05:19:40+00:00,7c6d75,-35.64344787597656,148.94868850708008,219.36437483165383,-0.32512,JST517,36000.0,3235.0,1349345.106993501,-4091234.960447977
168,2021-05-10 05:19:50+00:00,7c6d75,-35.65525817871094,148.9280891418457,219.36437483165383,-0.32512,JST517,36000.0,3235.0,1347339.3233086304,-4092313.8187993453
169,2021-05-10 05:20:00+00:00,7c6d75,-35.66656494140625,148.9082908630371,219.36437483165383,0.0,JST517,36000.0,3235.0,1345412.4853737112,-4093346.226329707
170,2021-05-10 05:20:10+00:00,7c6d75,-35.67786782474843,148.88847188746675,219.36437483165383,0.0,JST517,36000.0,3235.0,1343484.1933098992,-4094378.3530801865
171,2021-05-10 05:20:20+00:00,7c6d75,-35.689453125,148.86823654174805,219.78562540131784,0.0,JST517,36025.0,3235.0,1341515.167545117,-4095437.492320189
172,2021-05-10 05:20:30+00:00,7c6d75,-35.70053876456569,148.84879254280253,219.491015755545,0.32512,JST517,36025.0,3235.0,1339624.1030360565,-4096450.444290665
173,2021-05-10 05:20:40+00:00,7c6d75,-35.712130271782314,148.82851458610372,219.491015755545,0.32512,JST517,36025.0,3235.0,1337651.8967087704,-4097510.566366055
174,2021-05-10 05:20:50+00:00,7c6d75,-35.722278659626625,148.8106910218584,219.069198678488,0.32512,JST517,36000.0,3235.0,1335919.2312543893,-4098438.2759391647
175,2021-05-10 05:21:00+00:00,7c6d75,-35.7342425847458,148.78977024808844,218.64777823505787,0.0,JST517,36000.0,3235.0,1333885.1672018224,-4099533.3041200717
176,2021-05-10 05:21:10+00:00,7c6d75,-35.74617004394531,148.7688446044922,218.3528454056365,0.0,JST517,36000.0,3235.0,1331851.5362717686,-4100624.675744805
177,2021-05-10 05:21:20+00:00,7c6d75,-35.7570066290387,148.74991558967753,218.3528454056365,0.0,JST517,36000.0,3235.0,1330011.6726730643,-4101617.463235467
178,2021-05-10 05:21:30+00:00,7c6d75,-35.76822571835277,148.73016357421875,218.3528454056365,0.0,JST517,36000.0,3235.0,1328093.3109016398,-4102644.0111338575
179,2021-05-10 05:21:40+00:00,7c6d75,-35.77857971191406,148.71196746826172,218.3528454056365,-0.32512,JST517,36000.0,3235.0,1326326.131483987,-4103592.07304888
180,2021-05-10 05:21:50+00:00,7c6d75,-35.79075622558594,148.69062423706055,218.3528454056365,-0.32512,JST517,36000.0,3235.0,1324253.277586563,-4104707.9978162316
181,2021-05-10 05:22:00+00:00,7c6d75,-35.80225540419758,148.67044002451797,218.3528454056365,-0.32512,JST517,36000.0,3235.0,1322293.5743100478,-4105761.9423850575
182,2021-05-10 05:22:10+00:00,7c6d75,-35.81304931640625,148.65148544311523,217.93125411351235,0.0,JST517,36000.0,3235.0,1320453.6528492724,-4106751.5061942013
183,2021-05-10 05:22:20+00:00,7c6d75,-35.82476806640625,148.63100051879883,217.93125411351235,-0.32512,JST517,36000.0,3235.0,1318464.85800997,-4107827.2210093183
184,2021-05-10 05:22:30+00:00,7c6d75,-35.83577301542641,148.6116514814661,217.93125411351235,0.0,JST517,36000.0,3235.0,1316587.5145348818,-4108836.598959625
185,2021-05-10 05:22:40+00:00,7c6d75,-35.847271418167395,148.59154883851397,217.93125411351235,0.0,JST517,36000.0,3235.0,1314636.5768080545,-4109892.8030948397
186,2021-05-10 05:22:50+00:00,7c6d75,-35.85802498510327,148.572614953873,218.0587273456553,0.0,JST517,36000.0,3235.0,1312800.3803570315,-4110879.537830348
187,2021-05-10 05:23:00+00:00,7c6d75,-35.86944580078125,148.5524940490723,218.0587273456553,0.0,JST517,36000.0,3235.0,1310849.509938971,-4111927.7382057095
188,2021-05-10 05:23:10+00:00,7c6d75,-35.881072998046875,148.5318946838379,218.0587273456553,0.0,JST517,35975.0,3235.0,1308853.4610825717,-4112994.0724880625
189,2021-05-10 05:23:20+00:00,7c6d75,-35.89155578613281,148.51329803466797,218.48128399044768,0.0,JST517,35975.0,3235.0,1307051.9774202092,-4113955.534000727
190,2021-05-10 05:23:30+00:00,7c6d75,-35.90318298339844,148.4926986694336,218.48128399044768,0.0,JST517,35975.0,3235.0,1305056.6508442285,-4115022.6209363234
191,2021-05-10 05:23:40+00:00,7c6d75,-35.91371154785156,148.4740447998047,218.48128399044768,0.0,JST517,35975.0,3235.0,1303250.10597734,-4115989.2126680873
192,2021-05-10 05:23:50+00:00,7c6d75,-35.925384521484375,148.45338821411133,218.48128399044768,0.0,JST517,35975.0,3235.0,1301249.791629125,-4117061.505445392
193,2021-05-10 05:24:00+00:00,7c6d75,-35.93683792372883,148.43312364943486,218.9042339514718,0.0,JST517,35975.0,3235.0,1299287.7861271186,-4118114.0506619206
194,2021-05-10 05:24:10+00:00,7c6d75,-35.94758605957031,148.41402053833008,219.1972175165818,0.0,JST517,35975.0,3235.0,1297439.189128021,-4119101.2397403424
195,2021-05-10 05:24:20+00:00,7c6d75,-35.959259033203125,148.3933067321777,219.6199937620344,0.0,JST517,35975.0,3235.0,1295434.85842115,-4120174.0983752203
196,2021-05-10 05:24:30+00:00,7c6d75,-35.970308982719814,148.37369228931183,219.6199937620344,0.0,JST517,35975.0,3235.0,1293537.3034317621,-4121189.9994340176
197,2021-05-10 05:24:40+00:00,7c6d75,-35.981597900390625,148.35371017456055,220.20727196455783,0.32512,JST517,36000.0,3235.0,1291604.1300683995,-4122228.8212836813
198,2021-05-10 05:24:50+00:00,7c6d75,-35.99249267578125,148.33454132080078,220.20727196455783,0.32512,JST517,36000.0,3235.0,1289749.1476711873,-4123232.9128723736
199,2021-05-10 05:25:00+00:00,7c6d75,-36.004478325278114,148.31326748462433,220.33583069647983,0.32512,JST517,36000.0,3235.0,1287692.183843079,-4124336.036527271
200,2021-05-10 05:25:10+00:00,7c6d75,-36.01593017578125,148.2927703857422,220.04316044430604,0.32512,JST517,36000.0,3235.0,1285711.9169886436,-4125388.6778054917
201,2021-05-10 05:25:20+00:00,7c6d75,-36.02655029296875,148.27388763427734,220.04316044430604,0.32512,JST517,36025.0,3235.0,1283887.0623173707,-4126366.4994187946
202,2021-05-10 05:25:30+00:00,7c6d75,-36.03799593650689,148.25342705909242,220.04316044430604,0.32512,JST517,36025.0,3235.0,1281910.8614539627,-4127419.578393989
203,2021-05-10 05:25:40+00:00,7c6d75,-36.04879760742188,148.2341766357422,220.04316044430604,0.32512,JST517,36025.0,3235.0,1280051.4699638884,-4128414.364468302
204,2021-05-10 05:25:50+00:00,7c6d75,-36.060713428562,148.2129295836104,220.04316044430604,0.0,JST517,36025.0,3235.0,1277999.6859075595,-4129512.046214421
205,2021-05-10 05:26:00+00:00,7c6d75,-36.07173156738281,148.19326400756836,220.04316044430604,0.0,JST517,36025.0,3235.0,1276101.114846089,-4130527.212185334
206,2021-05-10 05:26:10+00:00,7c6d75,-36.08249987586072,148.17400993184842,219.75130473603028,0.0,JST517,36025.0,3235.0,1274242.8456888865,-4131519.3579525803
207,2021-05-10 05:26:20+00:00,7c6d75,-36.09434509277344,148.1528091430664,219.75130473603028,0.0,JST517,36025.0,3235.0,1272197.2222793403,-4132610.9084973116
208,2021-05-10 05:26:30+00:00,7c6d75,-36.1051025390625,148.13358306884766,219.75130473603028,-0.32512,JST517,36025.0,3235.0,1270342.2869972617,-4133602.8619846096
209,2021-05-10 05:26:40+00:00,7c6d75,-36.11652956170553,148.11311762383644,219.75130473603028,-0.32512,JST517,36025.0,3235.0,1268368.4354573514,-4134656.5026047616
210,2021-05-10 05:26:50+00:00,7c6d75,-36.12725830078125,148.09381484985352,219.75130473603028,-0.32512,JST517,36025.0,3235.0,1266507.6719914295,-4135645.224526223
211,2021-05-10 05:27:00+00:00,7c6d75,-36.13868842690681,148.0733214033411,219.75130473603028,0.0,JST517,36025.0,3235.0,1264531.9983990728,-4136699.6800130727
212,2021-05-10 05:27:10+00:00,7c6d75,-36.15055847167969,148.05204391479492,219.75130473603028,0.0,JST517,36025.0,3235.0,1262481.1009524057,-4137795.178184122
213,2021-05-10 05:27:20+00:00,7c6d75,-36.16108703613281,148.03316116333008,219.75130473603028,0.0,JST517,36025.0,3235.0,1260661.432765305,-4138767.12142725
214,2021-05-10 05:27:30+00:00,7c6d75,-36.17295087394069,148.01184471617356,219.75130473603028,0.0,JST517,36025.0,3235.0,1258607.8855910883,-4139862.3363802494
215,2021-05-10 05:27:40+00:00,7c6d75,-36.1834716796875,147.99296926944814,219.75130473603028,-0.32512,JST517,36025.0,3235.0,1256789.6397857182,-4140834.199683752
216,2021-05-10 05:27:50+00:00,7c6d75,-36.19464421676378,147.97292506441158,219.75130473603028,-0.32512,JST517,36000.0,3235.0,1254859.1516845322,-4141866.6333264476
217,2021-05-10 05:28:00+00:00,7c6d75,-36.20654296875,147.95162200927734,219.75130473603028,0.0,JST517,36000.0,3235.0,1252807.5108693747,-4142967.023139686
218,2021-05-10 05:28:10+00:00,7c6d75,-36.217268604343246,147.93236915101397,219.75130473603028,0.0,JST517,36000.0,3235.0,1250954.0102309973,-4143958.7854441
219,2021-05-10 05:28:20+00:00,7c6d75,-36.22913942498678,147.9110393118351,219.75130473603028,0.0,JST517,36000.0,3235.0,1248901.0855168554,-4145056.6270367727
220,2021-05-10 05:28:30+00:00,7c6d75,-36.23941040039063,147.89251327514648,219.75130473603028,0.0,JST517,36000.0,3235.0,1247118.8276296193,-4146006.1477971715
221,2021-05-10 05:28:40+00:00,7c6d75,-36.25125173795021,147.87118465342422,220.17542105495912,0.0,JST517,36000.0,3235.0,1245067.1254944485,-4147101.5338071766
222,2021-05-10 05:28:50+00:00,7c6d75,-36.26177254369702,147.85225076878325,220.17542105495912,0.0,JST517,36000.0,3235.0,1243246.011951086,-4148075.2766698427
223,2021-05-10 05:29:00+00:00,7c6d75,-36.273193359375,147.8316307067871,220.17542105495912,-0.32512,JST517,36000.0,3235.0,1241263.528861477,-4149132.03778562
224,2021-05-10 05:29:10+00:00,7c6d75,-36.28482055664063,147.81063079833984,220.5999216806925,-0.32512,JST517,36000.0,3235.0,1239244.9605842473,-4150208.2273316733
225,2021-05-10 05:29:20+00:00,7c6d75,-36.29539489746094,147.79157638549805,221.02480439892963,-0.32512,JST517,36000.0,3235.0,1237413.4396004833,-4151187.7527092206
226,2021-05-10 05:29:30+00:00,7c6d75,-36.30747985839844,147.76966094970703,221.02480439892963,0.32512,JST517,36000.0,3235.0,1235308.249360901,-4152306.255053525
227,2021-05-10 05:29:40+00:00,7c6d75,-36.31735591565149,147.75179599193817,221.02480439892963,0.32512,JST517,36000.0,3235.0,1233592.1599205702,-4153221.084190157
228,2021-05-10 05:29:50+00:00,7c6d75,-36.3292236328125,147.73035049438477,220.5999216806925,0.32512,JST517,36000.0,3235.0,1231532.3504889854,-4154321.0098779695
229,2021-05-10 05:30:00+00:00,7c6d75,-36.34109755693856,147.70890256191822,220.5999216806925,0.32512,JST517,36025.0,3235.0,1229472.6545186734,-4155422.0214719404
230,2021-05-10 05:30:10+00:00,7c6d75,-36.35137939453125,147.6902961730957,220.5999216806925,0.32512,JST517,36025.0,3235.0,1227686.3969250864,-4156375.4149229024
231,2021-05-10 05:30:20+00:00,7c6d75,-36.36344263109112,147.66846352435175,219.8849444979257,0.32512,JST517,36025.0,3235.0,1225590.8171468813,-4157494.3722223784
232,2021-05-10 05:30:30+00:00,7c6d75,-36.37371826171875,147.64984130859375,219.8849444979257,0.0,JST517,36025.0,3235.0,1223803.8844450866,-4158447.6199077666
233,2021-05-10 05:30:40+00:00,7c6d75,-36.38571166992188,147.6280975341797,219.17004995824715,0.0,JST517,36025.0,3235.0,1221717.8590370377,-4159560.543755142
234,2021-05-10 05:30:50+00:00,7c6d75,-36.39547057070973,147.61037623628658,219.17004995824715,0.0,JST517,36025.0,3235.0,1220018.234244082,-4160466.160753104
235,2021-05-10 05:31:00+00:00,7c6d75,-36.40743449582891,147.5886373316988,218.88065741253703,-0.32512,JST517,36025.0,3235.0,1217933.7525485714,-4161576.665879499
236,2021-05-10 05:31:10+00:00,7c6d75,-36.41871643066406,147.56813049316406,218.45523887300527,-0.32512,JST517,36025.0,3235.0,1215967.8378629596,-4162624.197339363
237,2021-05-10 05:31:20+00:00,7c6d75,-36.429107666015625,147.54924774169922,217.74051206410715,0.0,JST517,36025.0,3235.0,1214157.9116994003,-4163589.418586078
238,2021-05-10 05:31:30+00:00,7c6d75,-36.44076589810646,147.52803721326464,217.74051206410715,0.0,JST517,36000.0,3235.0,1212125.4070954367,-4164672.474085284
239,2021-05-10 05:31:40+00:00,7c6d75,-36.45094299316406,147.50959396362305,217.74051206410715,-0.32512,JST517,36000.0,3235.0,1210357.9234131575,-4165618.968305637
240,2021-05-10 05:31:50+00:00,7c6d75,-36.46255234540519,147.48841630651597,217.02587036418936,0.0,JST517,36000.0,3235.0,1208329.6734395719,-4166697.7135468167
241,2021-05-10 05:32:00+00:00,7c6d75,-36.47395764367059,147.46761240857714,217.02587036418936,-0.32512,JST517,36000.0,3235.0,1206337.592147878,-4167757.913935554
242,2021-05-10 05:32:10+00:00,7c6d75,-36.48403930664063,147.44916915893555,216.73727808974763,-0.32512,JST517,36000.0,3235.0,1204572.2220105173,-4168694.8893986614
243,2021-05-10 05:32:20+00:00,7c6d75,-36.495391845703125,147.42839813232422,216.73727808974763,-0.32512,JST517,36000.0,3235.0,1202584.4136123268,-4169750.3246439463
244,2021-05-10 05:32:30+00:00,7c6d75,-36.50587463378906,147.40917205810547,216.73727808974763,-0.32512,JST517,36000.0,3235.0,1200745.0946712745,-4170724.8083741236
245,2021-05-10 05:32:40+00:00,7c6d75,-36.517483986030186,147.38801996758644,216.73727808974763,-0.32512,JST517,36000.0,3235.0,1198720.9867948014,-4171805.75039196
246,2021-05-10 05:32:50+00:00,7c6d75,-36.52757263183594,147.36957550048828,216.73727808974763,0.0,JST517,36000.0,3235.0,1196956.7088745292,-4172744.833029313
247,2021-05-10 05:33:00+00:00,7c6d75,-36.538970947265625,147.34880447387695,216.73727808974763,0.0,JST517,36000.0,3235.0,1194969.8065460806,-4173806.8443636545
248,2021-05-10 05:33:10+00:00,7c6d75,-36.550323486328125,147.32797622680664,216.73727808974763,0.0,JST517,36000.0,3235.0,1192978.7191526573,-4174863.649428772
249,2021-05-10 05:33:20+00:00,7c6d75,-36.560577392578125,147.30915069580078,216.73727808974763,0.0,JST517,36000.0,3235.0,1191179.4907018582,-4175818.4022386773
250,2021-05-10 05:33:30+00:00,7c6d75,-36.57192993164063,147.28832244873047,217.1636247199762,-0.32512,JST517,36000.0,3235.0,1189189.1234787374,-4176875.9640338877
251,2021-05-10 05:33:40+00:00,7c6d75,-36.58222961425781,147.26943969726562,217.1636247199762,-0.32512,JST517,36000.0,3235.0,1187384.9083541846,-4177835.9201628724
252,2021-05-10 05:33:50+00:00,7c6d75,-36.59378310381357,147.24811959773936,217.59035225520225,0.0,JST517,36000.0,3235.0,1185349.067908908,-4178911.814755757
253,2021-05-10 05:34:00+00:00,7c6d75,-36.60476943193856,147.2279585168717,217.87781458451505,0.32512,JST517,36000.0,3235.0,1183423.552460831,-4179936.337642514
254,2021-05-10 05:34:10+00:00,7c6d75,-36.61547644663665,147.20820650141292,217.87781458451505,0.32512,JST517,36000.0,3235.0,1181538.1072446262,-4180934.198381794
255,2021-05-10 05:34:20+00:00,7c6d75,-36.62716105832891,147.1868182243185,218.59209245818232,0.0,JST517,36000.0,3235.0,1179495.7978905456,-4182025.1442047497
256,2021-05-10 05:34:30+00:00,7c6d75,-36.63725280761719,147.16827392578125,218.59209245818232,0.0,JST517,36000.0,3235.0,1177725.8320641965,-4182967.0362453517
257,2021-05-10 05:34:40+00:00,7c6d75,-36.64869689941406,147.147216796875,218.59209245818232,0.0,JST517,36000.0,3235.0,1175716.567675944,-4184035.266966383
258,2021-05-10 05:34:50+00:00,7c6d75,-36.65904235839844,147.1282196044922,219.0184535348276,0.0,JST517,36000.0,3235.0,1173903.9508083458,-4185001.655750115
259,2021-05-10 05:35:00+00:00,7c6d75,-36.6705322265625,147.10710525512695,219.0184535348276,0.0,JST517,36000.0,3235.0,1171889.7940579613,-4186075.1866806718
260,2021-05-10 05:35:10+00:00,7c6d75,-36.681976318359375,147.08599090576172,219.0184535348276,0.0,JST517,36000.0,3235.0,1169876.5553234797,-4187144.062942865
261,2021-05-10 05:35:20+00:00,7c6d75,-36.69232177734375,147.06693649291992,219.4451922407656,0.0,JST517,36000.0,3235.0,1168059.856470846,-4188110.9839275973
262,2021-05-10 05:35:30+00:00,7c6d75,-36.703553280587926,147.04615816156917,219.4451922407656,0.0,JST517,36000.0,3235.0,1166079.7304525713,-4189160.2396925427
263,2021-05-10 05:35:40+00:00,7c6d75,-36.71430684752386,147.0262308323637,219.4451922407656,0.0,JST517,36000.0,3235.0,1164181.2608342415,-4190164.9080747706
264,2021-05-10 05:35:50+00:00,7c6d75,-36.72555541992188,147.0054817199707,219.4451922407656,0.0,JST517,36000.0,3235.0,1162204.2732928994,-4191217.0938534252
265,2021-05-10 05:36:00+00:00,7c6d75,-36.737210548530186,146.98386334358378,219.8723063772334,0.0,JST517,36000.0,3235.0,1160145.602108976,-4192306.6218381887
266,2021-05-10 05:36:10+00:00,7c6d75,-36.747344970703125,146.96514129638672,219.8723063772334,0.0,JST517,36000.0,3235.0,1158362.6014296967,-4193255.0369983534
267,2021-05-10 05:36:20+00:00,7c6d75,-36.75862457792641,146.94430087475067,220.1591933482267,0.0,JST517,36000.0,3235.0,1156378.2320478885,-4194310.973102006
268,2021-05-10 05:36:30+00:00,7c6d75,-36.76923848814886,146.92472417303858,220.1591933482267,0.0,JST517,36000.0,3235.0,1154514.3257376167,-4195305.262356375
269,2021-05-10 05:36:40+00:00,7c6d75,-36.78099060058594,146.90305709838867,220.446907497243,0.0,JST517,36000.0,3235.0,1152451.7276518315,-4196406.666494076
270,2021-05-10 05:36:50+00:00,7c6d75,-36.79142761230469,146.88383102416992,220.8732827763777,0.0,JST517,36000.0,3235.0,1150621.742006598,-4197385.329169026
271,2021-05-10 05:37:00+00:00,7c6d75,-36.80291748046875,146.86248779296875,221.013428912434,0.0,JST517,36000.0,3235.0,1148591.7139438079,-4198461.482940488
272,2021-05-10 05:37:10+00:00,7c6d75,-36.81467347225902,146.84069045046544,221.013428912434,0.0,JST517,36000.0,3235.0,1146518.6545223538,-4199563.358467767
273,2021-05-10 05:37:20+00:00,7c6d75,-36.8250546212924,146.82134750041556,221.4411036584305,-0.65024,JST517,35975.0,3235.0,1144679.9465389766,-4200535.868222116
274,2021-05-10 05:37:30+00:00,7c6d75,-36.836334228515625,146.8002891540527,221.58447378021864,-3.90144,JST517,35875.0,3235.0,1142678.7934595353,-4201592.555836707
275,2021-05-10 05:37:40+00:00,7c6d75,-36.84693417306676,146.78038252160906,221.58447378021864,-4.8768,JST517,35725.0,3235.0,1140788.1462936897,-4202584.875407747
276,2021-05-10 05:37:50+00:00,7c6d75,-36.85843257580774,146.7588938837466,221.86914685136884,-4.8768,JST517,35550.0,3235.0,1138746.9951070189,-4203662.665045166
277,2021-05-10 05:38:00+00:00,7c6d75,-36.86946545617059,146.73823481020722,221.86914685136884,-4.55168,JST517,35400.0,3235.0,1136785.25998274,-4204696.848082081
278,2021-05-10 05:38:10+00:00,7c6d75,-36.8803121275821,146.717993694803,221.4411036584305,-4.55168,JST517,35250.0,3235.0,1134863.152466925,-4205714.579765037
279,2021-05-10 05:38:20+00:00,7c6d75,-36.89208984375,146.69614045516303,221.72715440112407,-4.55168,JST517,35100.0,3235.0,1132787.5994241019,-4206821.221412196
280,2021-05-10 05:38:30+00:00,7c6d75,-36.90256409725902,146.67679496433425,221.30003246494945,-4.8768,JST517,34950.0,3235.0,1130950.0313563899,-4207806.556844201
281,2021-05-10 05:38:40+00:00,7c6d75,-36.91383361816406,146.65585132355386,220.1591933482267,-4.55168,JST517,34800.0,3235.0,1128961.8110277152,-4208865.923930035
282,2021-05-10 05:38:50+00:00,7c6d75,-36.924224853515625,146.6366252493351,219.5862498263596,-5.20192,JST517,34625.0,3235.0,1127136.4640452878,-4209843.848506245
283,2021-05-10 05:39:00+00:00,7c6d75,-36.93538342492059,146.61577307659647,219.7296257643442,-8.45312,JST517,34400.0,3235.0,1125158.3408102063,-4210892.514759006
284,2021-05-10 05:39:10+00:00,7c6d75,-36.94697570800781,146.59402400889297,219.7296257643442,-11.3792,JST517,34025.0,3235.0,1123096.0482211723,-4211981.586291217
285,2021-05-10 05:39:20+00:00,7c6d75,-36.957030215505824,146.575171429178,219.3010269452085,-11.3792,JST517,33650.0,3235.0,1121308.667654818,-4212926.63546882
286,2021-05-10 05:39:30+00:00,7c6d75,-36.96858215332031,146.5534096575798,219.3010269452085,-11.3792,JST517,33275.0,3235.0,1119246.451520846,-4214011.9261145815
287,2021-05-10 05:39:40+00:00,7c6d75,-36.97883605957031,146.53418358336106,218.5878549161471,-11.3792,JST517,32900.0,3235.0,1117424.3308343063,-4214976.431415307
288,2021-05-10 05:39:50+00:00,7c6d75,-36.99036161778338,146.5125374172045,218.303752221023,-11.3792,JST517,32525.0,3235.0,1115373.4405805091,-4216060.633752047
289,2021-05-10 05:40:00+00:00,7c6d75,-37.00140380859375,146.49175765666556,217.87477785411195,-11.3792,JST517,32150.0,3235.0,1113405.2603887434,-4217099.397161183
290,2021-05-10 05:40:10+00:00,7c6d75,-37.0113566770392,146.4730105192765,217.87477785411195,-11.3792,JST517,31750.0,3235.0,1111630.0211438572,-4218035.867218586
291,2021-05-10 05:40:20+00:00,7c6d75,-37.02262231859112,146.4519334876019,217.4461743085809,-11.3792,JST517,31400.0,3235.0,1109633.6789941129,-4219097.501450104
292,2021-05-10 05:40:30+00:00,7c6d75,-37.03342243776484,146.43163266389266,216.3045853705472,-11.05408,JST517,31025.0,3235.0,1107711.7751074464,-4220114.809482694
293,2021-05-10 05:40:40+00:00,7c6d75,-37.04464152707891,146.41067504882812,215.5913216992048,-11.3792,JST517,30650.0,3235.0,1105727.2991885336,-4221173.127329276
294,2021-05-10 05:40:50+00:00,7c6d75,-37.05514526367188,146.39095225232714,214.87815371091645,-11.05408,JST517,30300.0,3235.0,1103860.6898857495,-4222163.43420785
295,2021-05-10 05:41:00+00:00,7c6d75,-37.06582279528601,146.37090931768003,213.73646911778948,-11.3792,JST517,29925.0,3235.0,1101964.088083815,-4223170.541925654
296,2021-05-10 05:41:10+00:00,7c6d75,-37.07661437988281,146.3505716526762,213.02330320280308,-11.3792,JST517,29575.0,3235.0,1100040.4189400915,-4224188.070743806
297,2021-05-10 05:41:20+00:00,7c6d75,-37.08659362792969,146.33187151969747,212.3102347849569,-11.3792,JST517,29200.0,3235.0,1098271.3334798028,-4225130.269501074
298,2021-05-10 05:41:30+00:00,7c6d75,-37.09775763042904,146.31078305451766,212.02645789661875,-11.3792,JST517,28800.0,3235.0,1096277.6438910076,-4226183.235630921
299,2021-05-10 05:41:40+00:00,7c6d75,-37.107421875,146.29260124044217,211.5972648499272,-11.3792,JST517,28450.0,3235.0,1094558.628002862,-4227095.713402732
300,2021-05-10 05:41:50+00:00,7c6d75,-37.11847337625795,146.27161440641984,210.8843943965827,-11.70432,JST517,28075.0,3235.0,1092575.8874140116,-4228137.84311209
301,2021-05-10 05:42:00+00:00,7c6d75,-37.12911987304688,146.25146094788897,210.17162443720423,-11.05408,JST517,27700.0,3235.0,1090671.8656320265,-4229142.715056254
302,2021-05-10 05:42:10+00:00,7c6d75,-37.13867704747088,146.2333413828974,209.45895599770745,-11.3792,JST517,27350.0,3235.0,1088960.4549235075,-4230044.839160071
303,2021-05-10 05:42:20+00:00,7c6d75,-37.14967346191406,146.212541296127,209.02955559553345,-11.3792,JST517,26975.0,3235.0,1086995.9364131363,-4231083.599189895
304,2021-05-10 05:42:30+00:00,7c6d75,-37.15981176344019,146.19339652683425,208.3167913474988,-11.3792,JST517,26600.0,3235.0,1085187.9015501346,-4232041.9224305665
305,2021-05-10 05:42:40+00:00,7c6d75,-37.170318603515625,146.17344633061836,207.60412956558693,-11.05408,JST517,26250.0,3235.0,1083304.760137133,-4233034.48699613
306,2021-05-10 05:42:50+00:00,7c6d75,-37.18061828613281,146.15398650473736,206.89157130866693,-11.05408,JST517,25875.0,3235.0,1081467.6823377186,-4234008.664655754
307,2021-05-10 05:43:00+00:00,7c6d75,-37.19044313592428,146.13536005434784,206.4619586374666,-11.05408,JST517,25525.0,3235.0,1079709.9438621467,-4234937.701706847
308,2021-05-10 05:43:10+00:00,7c6d75,-37.20142946404928,146.1144621475883,205.7493036344912,-11.05408,JST517,25150.0,3235.0,1077738.5976157973,-4235976.342576035
309,2021-05-10 05:43:20+00:00,7c6d75,-37.21060025489936,146.0970870308254,205.3198788292169,-11.05408,JST517,24800.0,3235.0,1076099.4562275135,-4236844.238224363
310,2021-05-10 05:43:30+00:00,7c6d75,-37.22116761288402,146.0770847486413,205.03675314014703,-11.3792,JST517,24425.0,3235.0,1074212.6850134886,-4237844.798687323
311,2021-05-10 05:43:40+00:00,7c6d75,-37.2310832395392,146.0581572159477,205.03675314014703,-11.3792,JST517,24050.0,3235.0,1072428.5029546716,-4238782.622756006
312,2021-05-10 05:43:50+00:00,7c6d75,-37.24160404528601,146.0381549337636,204.3243082478092,-11.05408,JST517,23675.0,3235.0,1070542.8913976047,-4239778.722287394
313,2021-05-10 05:44:00+00:00,7c6d75,-37.25212485103288,146.0181526515795,203.8944782180934,-11.05408,JST517,23325.0,3235.0,1068657.6200608679,-4240775.181827095
314,2021-05-10 05:44:10+00:00,7c6d75,-37.26115598516952,146.00089695142665,203.61197006599195,-11.70432,JST517,22975.0,3235.0,1067031.9734888682,-4241630.11007941
315,2021-05-10 05:44:20+00:00,7c6d75,-37.27180480957031,145.98065964719083,202.75229439810263,-11.70432,JST517,22600.0,3235.0,1065125.1465741936,-4242639.446209619
316,2021-05-10 05:44:30+00:00,7c6d75,-37.28168552204716,145.96202684485394,202.32304887568424,-11.3792,JST517,22200.0,3235.0,1063369.002858247,-4243577.532220067
317,2021-05-10 05:44:40+00:00,7c6d75,-37.291900634765625,145.94261656416225,201.8942015865449,-11.05408,JST517,21850.0,3235.0,1061540.7221205505,-4244546.455125234
318,2021-05-10 05:44:50+00:00,7c6d75,-37.30207540221136,145.9232761548913,201.0449521495021,-11.05408,JST517,21500.0,3235.0,1059719.3795419864,-4245511.830851307
319,2021-05-10 05:45:00+00:00,7c6d75,-37.31153869628906,145.90515786028925,200.3328429023277,-11.05408,JST517,21100.0,3235.0,1058014.13836787,-4246408.907638665
320,2021-05-10 05:45:10+00:00,7c6d75,-37.32195320775952,145.88518225628397,199.34024594710888,-11.3792,JST517,20750.0,3235.0,1056134.6127304009,-4247396.192292523
321,2021-05-10 05:45:20+00:00,7c6d75,-37.331170550847446,145.86750859799594,198.7598850598836,-12.02944,JST517,20375.0,3235.0,1054471.9290012766,-4248270.332981208
322,2021-05-10 05:45:30+00:00,7c6d75,-37.341156005859375,145.84847308219747,198.0475773674116,-11.3792,JST517,20000.0,3235.0,1052680.8137693505,-4249218.564079551
323,2021-05-10 05:45:40+00:00,7c6d75,-37.35016386387713,145.83132536514947,197.9005288590482,-12.35456,JST517,19600.0,3235.0,1051067.4584868033,-4250074.442827702
324,2021-05-10 05:45:50+00:00,7c6d75,-37.360684669623936,145.81126337466034,196.9050790823437,-11.70432,JST517,19200.0,3235.0,1049180.4170427183,-4251074.12306874
325,2021-05-10 05:46:00+00:00,7c6d75,-37.37059020996094,145.7923726832613,196.19278194367425,-12.02944,JST517,18825.0,3235.0,1047403.8718388483,-4252015.655300527
326,2021-05-10 05:46:10+00:00,7c6d75,-37.379864191604895,145.77460247537363,195.48059703123675,-11.70432,JST517,18425.0,3235.0,1045733.4365305643,-4252896.749016469
327,2021-05-10 05:46:20+00:00,7c6d75,-37.390059131687,145.75507785962975,194.76852557612068,-11.70432,JST517,18050.0,3235.0,1043898.3353894557,-4253865.752210023
328,2021-05-10 05:46:30+00:00,7c6d75,-37.39888000488281,145.73820073553858,194.0565688272873,-11.70432,JST517,17675.0,3235.0,1042312.242815759,-4254704.562075693
329,2021-05-10 05:46:40+00:00,7c6d75,-37.408586922338486,145.7195514181386,193.34472805189185,-11.70432,JST517,17300.0,3235.0,1040560.2994627277,-4255627.287531867
330,2021-05-10 05:46:50+00:00,7c6d75,-37.41828918457031,145.7009757833278,192.91375627915565,-11.70432,JST517,16950.0,3235.0,1038815.2204103818,-4256550.416751494
331,2021-05-10 05:47:00+00:00,7c6d75,-37.427581787109375,145.6830937811669,192.20181382585483,-11.3792,JST517,16550.0,3235.0,1037136.070588796,-4257434.110080117
332,2021-05-10 05:47:10+00:00,7c6d75,-37.4373779296875,145.66427677235706,191.7710336436099,-11.70432,JST517,16175.0,3235.0,1035369.2306009006,-4258366.277867914
333,2021-05-10 05:47:20+00:00,7c6d75,-37.44625854492188,145.64732977684508,190.62840253759416,-11.3792,JST517,15825.0,3235.0,1033777.634616694,-4259212.517547029
334,2021-05-10 05:47:30+00:00,7c6d75,-37.456209861626064,145.62825741975203,190.1982331058831,-12.02944,JST517,15400.0,3235.0,1031987.1683349792,-4260160.4167153165
335,2021-05-10 05:47:40+00:00,7c6d75,-37.46519444352492,145.61153909434444,190.0771378128632,-12.02944,JST517,15025.0,3235.0,1030415.2559607241,-4261020.62026977
336,2021-05-10 05:47:50+00:00,7c6d75,-37.4751566224179,145.59404456097147,189.62408631340003,-11.3792,JST517,14650.0,3235.0,1028764.866783572,-4261983.253504675
337,2021-05-10 05:48:00+00:00,7c6d75,-37.4861429505429,145.57535586149797,189.62408631340003,-10.07872,JST517,14275.0,3235.0,1026998.6080314836,-4263050.115329979
338,2021-05-10 05:48:10+00:00,7c6d75,-37.495513916015625,145.5597313414229,187.2604425940513,-9.10336,JST517,14050.0,3235.0,1025520.2964552023,-4263962.951437073
339,2021-05-10 05:48:20+00:00,7c6d75,-37.50604248046875,145.54231684258644,185.0983524040349,-9.10336,JST517,13750.0,3235.0,1023872.0493084585,-4264989.96652851
340,2021-05-10 05:48:30+00:00,7c6d75,-37.51560974121094,145.52642172955453,183.55849251176468,-12.35456,JST517,13375.0,3235.0,1022368.3072778501,-4265922.884618309
341,2021-05-10 05:48:40+00:00,7c6d75,-37.52571235268806,145.50943789274797,183.55849251176468,-13.0048,JST517,12975.0,3235.0,1020763.0661563814,-4266906.645567187
342,2021-05-10 05:48:50+00:00,7c6d75,-37.53570556640625,145.49241086269947,183.55849251176468,-13.0048,JST517,12575.0,3235.0,1019155.4003069311,-4267878.178363612
343,2021-05-10 05:49:00+00:00,7c6d75,-37.5454505015228,145.47570270040762,182.6457333270964,-12.67968,JST517,12150.0,3235.0,1017578.7337999471,-4268824.991000705
344,2021-05-10 05:49:10+00:00,7c6d75,-37.55550578489141,145.45844700025475,181.51127003167463,-9.42848,JST517,11775.0,3235.0,1015950.7698525826,-4269802.104762342
345,2021-05-10 05:49:20+00:00,7c6d75,-37.564361572265625,145.44326457571478,179.96204095658544,-8.128,JST517,11525.0,3235.0,1014518.5531496532,-4270663.007929488
346,2021-05-10 05:49:30+00:00,7c6d75,-37.5744525456833,145.42614480723506,176.86776251342226,-4.55168,JST517,11325.0,3235.0,1012902.7784533737,-4271645.702651742
347,2021-05-10 05:49:40+00:00,7c6d75,-37.583038330078125,145.41159122548206,171.8312269919465,-4.22656,JST517,11200.0,3235.0,1011529.3496521206,-4272482.133725365
348,2021-05-10 05:49:50+00:00,7c6d75,-37.59260791843224,145.39515619692597,168.23577331515887,-4.22656,JST517,11075.0,3235.0,1009979.8878710262,-4273412.922499274
349,2021-05-10 05:50:00+00:00,7c6d75,-37.60157775878906,145.3796841235871,163.8106346547331,-2.92608,JST517,10925.0,3235.0,1008521.8407595404,-4274285.066640092
350,2021-05-10 05:50:10+00:00,7c6d75,-37.60963439941406,145.3657758996842,160.21689192400424,-2.92608,JST517,10825.0,3235.0,1007211.4267265169,-4275068.518494607
351,2021-05-10 05:50:20+00:00,7c6d75,-37.61858406713452,145.35013613493547,156.6251772624799,-2.60096,JST517,10750.0,3235.0,1005739.1951474613,-4275937.501795637
352,2021-05-10 05:50:30+00:00,7c6d75,-37.62589276847194,145.33735855765966,153.33538265006626,-2.60096,JST517,10675.0,3235.0,1004536.5936360235,-4276647.276865179
353,2021-05-10 05:50:40+00:00,7c6d75,-37.634307861328125,145.322648718002,149.51303947348998,-2.92608,JST517,10575.0,3235.0,1003152.308933821,-4277464.700603154
354,2021-05-10 05:50:50+00:00,7c6d75,-37.64260502184851,145.30840002972147,145.80653517073532,-5.20192,JST517,10425.0,3235.0,1001810.1520862303,-4278272.897192135
355,2021-05-10 05:51:00+00:00,7c6d75,-37.649680961996864,145.29610011888587,141.38134167344646,-8.77824,JST517,10175.0,3235.0,1000652.5818416448,-4278961.1065228665
356,2021-05-10 05:51:10+00:00,7c6d75,-37.65728759765625,145.28302781125333,138.86748530388164,-11.70432,JST517,9825.0,3235.0,999421.6122100462,-4279702.281454064
357,2021-05-10 05:51:20+00:00,7c6d75,-37.6639259467691,145.27120175568953,138.86748530388164,-11.3792,JST517,9425.0,3235.0,998310.5671215685,-4280345.919513263
358,2021-05-10 05:51:30+00:00,7c6d75,-37.671653618246864,145.2572300123132,139.46082501980493,-11.3792,JST517,9025.0,3235.0,996999.251474461,-4281093.710153757
359,2021-05-10 05:51:40+00:00,7c6d75,-37.67821748377912,145.24552718452784,139.46082501980493,-6.1772800000000005,JST517,8850.0,3235.0,995900.1118665793,-4281730.327082441
360,2021-05-10 05:51:50+00:00,7c6d75,-37.68585205078125,145.2320699488863,140.77729746028024,-6.1772800000000005,JST517,8675.0,3235.0,994635.4887567934,-4282472.170612147
361,2021-05-10 05:52:00+00:00,7c6d75,-37.69325385659431,145.2192555303159,140.77729746028024,-10.72896,JST517,8375.0,3235.0,993430.1174001253,-4283193.394346282
362,2021-05-10 05:52:10+00:00,7c6d75,-37.70027160644531,145.20694164519614,140.77729746028024,-7.152640000000001,JST517,7925.0,3235.0,992272.9179941613,-4283876.038887348
363,2021-05-10 05:52:20+00:00,7c6d75,-37.70860290527344,145.19256591796875,143.2345505220436,-7.152640000000001,JST517,7550.0,3235.0,990920.7611966699,-4284688.555286631
364,2021-05-10 05:52:30+00:00,7c6d75,-37.71541272179559,145.1810422150985,143.2345505220436,-5.52704,JST517,7300.0,3235.0,989835.7002439349,-4285354.615928017
365,2021-05-10 05:52:40+00:00,7c6d75,-37.72357177734375,145.1671454247008,143.2345505220436,-6.502400000000001,JST517,7075.0,3235.0,988527.8889571035,-4286152.100714013
366,2021-05-10 05:52:50+00:00,7c6d75,-37.73133358712926,145.15381522800612,142.9321344328293,-4.8768,JST517,6825.0,3235.0,987274.21291927,-4286910.0607618615
367,2021-05-10 05:53:00+00:00,7c6d75,-37.73854064941406,145.1412574281084,141.19496414598416,-5.8521600000000005,JST517,6650.0,3235.0,986094.3719086029,-4287612.581260296
368,2021-05-10 05:53:10+00:00,7c6d75,-37.7463234077066,145.12748386548913,140.17820232864213,-5.20192,JST517,6475.0,3235.0,984801.6816059286,-4288369.715994205
369,2021-05-10 05:53:20+00:00,7c6d75,-37.75312003442798,145.11536307956862,138.50682214537437,-8.45312,JST517,6250.0,3235.0,983664.7695615682,-4289030.335416205
370,2021-05-10 05:53:30+00:00,7c6d75,-37.760382183527554,145.10246608568275,138.50682214537437,-7.80288,JST517,5975.0,3235.0,982454.9004602741,-4289736.773540761
371,2021-05-10 05:53:40+00:00,7c6d75,-37.76722536248678,145.09040500806725,138.50682214537437,-8.45312,JST517,5725.0,3235.0,981323.0788888035,-4290403.312610027
372,2021-05-10 05:53:50+00:00,7c6d75,-37.77497863769531,145.07697572099403,138.0906075268561,-8.45312,JST517,5450.0,3235.0,980061.7079869111,-4291160.497756941
373,2021-05-10 05:54:00+00:00,7c6d75,-37.78257751464844,145.06382718999336,137.78842588896345,-9.42848,JST517,5125.0,3235.0,978826.7976997903,-4291902.870279145
374,2021-05-10 05:54:10+00:00,7c6d75,-37.78957043663934,145.05165431810462,137.78842588896345,-8.77824,JST517,4850.0,3235.0,977684.0802305965,-4292585.618900699
375,2021-05-10 05:54:20+00:00,7c6d75,-37.7969970703125,145.03875732421875,137.90553988043035,-5.8521600000000005,JST517,4525.0,3235.0,976473.3653053959,-4293311.102410824
376,2021-05-10 05:54:30+00:00,7c6d75,-37.80400085449219,145.02654379986703,137.90553988043035,-5.8521600000000005,JST517,4300.0,3235.0,975327.2429513494,-4293995.025553683
377,2021-05-10 05:54:40+00:00,7c6d75,-37.8110310182733,145.01350071119225,133.8395053901133,-2.60096,JST517,4200.0,3235.0,974107.8189972178,-4294675.589472913
378,2021-05-10 05:54:50+00:00,7c6d75,-37.81540692862819,144.99940955120584,124.64628853703594,-2.27584,JST517,4150.0,3235.0,972821.9895593043,-4295053.03677446
379,2021-05-10 05:55:00+00:00,7c6d75,-37.81759488380561,144.98609459918478,120.56552432306178,-2.27584,JST517,4075.0,3235.0,971626.0529947621,-4295193.333799058
380,2021-05-10 05:55:10+00:00,7c6d75,-37.81973628674524,144.97289906377378,117.85147422521824,-2.92608,JST517,3975.0,3235.0,970441.144400349,-4295329.507029421
381,2021-05-10 05:55:20+00:00,7c6d75,-37.82187768968487,144.96083798615828,114.94686820272574,-3.2512000000000003,JST517,3875.0,3235.0,969356.3498210155,-4295474.55882232
382,2021-05-10 05:55:30+00:00,7c6d75,-37.82144165039063,144.94782157566237,111.8226605899615,-3.2512000000000003,JST517,3750.0,3235.0,968212.3526301675,-4295325.726290973
383,2021-05-10 05:55:40+00:00,7c6d75,-37.82144165039063,144.93587991465694,107.24646037166244,-2.60096,JST517,3650.0,3235.0,967158.914871199,-4295233.773885502
384,2021-05-10 05:55:50+00:00,7c6d75,-37.82144165039063,144.9235202955163,104.0398603020131,-2.60096,JST517,3550.0,3235.0,966068.5975941211,-4295138.708563723
385,2021-05-10 05:56:00+00:00,7c6d75,-37.82144165039063,144.911654857879,99.54458167127989,-2.60096,JST517,3475.0,3235.0,965021.8662856556,-4295047.545177714
386,2021-05-10 05:56:10+00:00,7c6d75,-37.82144165039063,144.9014866605718,94.89226024140886,-2.60096,JST517,3425.0,3235.0,964124.8532955722,-4294969.500500154
387,2021-05-10 05:56:20+00:00,7c6d75,-37.82144165039063,144.89050160283628,90.50706147598358,-1.6256000000000002,JST517,3350.0,3235.0,963155.7718245941,-4294885.267675131
388,2021-05-10 05:56:30+00:00,7c6d75,-37.82144165039063,144.88124681555706,85.95988253526828,-3.5763200000000004,JST517,3325.0,3235.0,962339.325900214,-4294814.3682154855
389,2021-05-10 05:56:40+00:00,7c6d75,-37.82144165039063,144.8725014544548,83.87961698518038,-3.5763200000000004,JST517,3250.0,3235.0,961567.8161290573,-4294747.426641387
390,2021-05-10 05:56:50+00:00,7c6d75,-37.82144165039063,144.8670082903923,82.96755319899076,-3.90144,JST517,3125.0,3235.0,961083.2105736859,-4294705.406539487
391,2021-05-10 05:57:00+00:00,7c6d75,-37.81462097167969,144.86543046667222,82.29335408744198,-4.22656,JST517,3000.0,3235.0,961009.7619789633,-4293934.797117324
392,2021-05-10 05:57:10+00:00,7c6d75,-37.80679476463189,144.86405082370925,82.29335408744198,-4.22656,JST517,2875.0,3235.0,960963.4695192631,-4293053.899028282
393,2021-05-10 05:57:20+00:00,7c6d75,-37.80001831054688,144.86274232255653,82.29335408744198,-4.55168,JST517,2725.0,3235.0,960913.3174856557,-4292290.307153669
394,2021-05-10 05:57:30+00:00,7c6d75,-37.792596332097446,144.86118482506794,81.36025786555518,-3.90144,JST517,2600.0,3235.0,960847.3947643716,-4291453.045899166
395,2021-05-10 05:57:40+00:00,7c6d75,-37.7858928098517,144.8598115340523,81.78527097701189,-4.22656,JST517,2450.0,3235.0,960790.7851210505,-4290697.1071670605
396,2021-05-10 05:57:50+00:00,7c6d75,-37.77793237718487,144.8582591181216,80.68902855639506,-4.55168,JST517,2300.0,3235.0,960730.454428866,-4289800.052390992
397,2021-05-10 05:58:00+00:00,7c6d75,-37.77058410644531,144.85678165516956,79.0856218561319,-4.55168,JST517,2175.0,3235.0,960670.8201777306,-4288971.664458317
398,2021-05-10 05:58:10+00:00,7c6d75,-37.76431274414063,144.8556128968584,77.05162184800453,-4.22656,JST517,2050.0,3235.0,960628.0454052672,-4288265.400621263
399,2021-05-10 05:58:20+00:00,7c6d75,-37.75712585449219,144.85426882480053,73.41424107320486,-4.55168,JST517,1900.0,3235.0,960578.5942012686,-4287456.015924412
400,2021-05-10 05:58:30+00:00,7c6d75,-37.75117492675781,144.85310006648936,70.20794269637874,-3.5763200000000004,JST517,1775.0,3235.0,960532.7039183619,-4286785.413557829
401,2021-05-10 05:58:40+00:00,7c6d75,-37.744720458984375,144.85187287026264,69.69909368435444,-3.2512000000000003,JST517,1675.0,3235.0,960486.4871132455,-4286058.39305254
402,2021-05-10 05:58:50+00:00,7c6d75,-37.73826599121094,144.85064567403592,69.19032741966976,-3.2512000000000003,JST517,1550.0,3235.0,960440.254755945,-4285331.389084786
403,2021-05-10 05:59:00+00:00,7c6d75,-37.73268360202599,144.84954170558763,68.09730807984256,-3.5763200000000004,JST517,1450.0,3235.0,960396.4964838586,-4284702.300276486
404,2021-05-10 05:59:10+00:00,7c6d75,-37.72645568847656,144.84836659532914,68.09730807984256,-3.90144,JST517,1325.0,3235.0,960352.6546542102,-4284000.912744621
405,2021-05-10 05:59:20+00:00,7c6d75,-37.72050476074219,144.84731471284908,68.09730807984256,-3.90144,JST517,1200.0,3235.0,960317.0161928699,-4283331.275980544
406,2021-05-10 05:59:30+00:00,7c6d75,-37.71406270689886,144.8461383322011,68.09730807984256,-3.5763200000000004,JST517,1075.0,3235.0,960275.0941997102,-4282606.1023179265
407,2021-05-10 05:59:40+00:00,7c6d75,-37.70851135253906,144.84509407205786,67.58823145723296,-3.5763200000000004,JST517,950.0,3235.0,960236.2600830537,-4281980.973417035
408,2021-05-10 05:59:50+00:00,7c6d75,-37.70261085639567,144.84404854152513,67.58823145723296,-3.2512000000000003,JST517,850.0,3235.0,960200.6598698222,-4281317.033688572
409,2021-05-10 06:00:00+00:00,7c6d75,-37.69662889383608,144.84294393788213,67.58823145723296,-3.4137600000000003,JST517,725.0,3235.0,960160.612763408,-4280643.600095111
410,2021-05-10 06:00:10+00:00,7c6d75,-37.69064693127649,144.84183933423913,67.58823145723296,-3.5763200000000004,JST517,600.0,3235.0,960120.5526586762,-4279970.180616732
