time,icao24,lat,lon,velocity,heading,vertrate,callsign,onground,alert,spi,squawk,baroaltitude,geoaltitude,lastposupdate,lastcontact
1648448450,7c6b09,-33.954986572265625,151.17815290178572,73.5511005503587,168.29709851977867,13.0048,JST521  ,False,False,False,4255.0,160.02,129.54000000000002,1648448449.993,1648448449.994
1648448460,7c6b09,-33.961626473119736,151.17971420288086,74.08708071101628,170.40686573726967,13.32992,JST521  ,False,False,False,4255.0,281.94,259.08,1648448459.903,1648448459.987
1648448470,7c6b09,-33.96832999536548,151.18000030517578,76.66769132503313,181.15345045110536,7.477760000000001,JST521  ,False,False,False,4255.0,381.0,373.38,1648448469.378,1648448469.972
1648448480,7c6b09,-33.97512662208686,151.17965698242188,83.46843991596585,183.17983011986425,4.8768,JST521  ,False,False,False,4255.0,434.34,434.34,1648448479.586,1648448479.839
1648448490,7c6b09,-33.983692233845375,151.17902755737305,92.32800866730832,184.1538530869512,6.502400000000001,JST521  ,False,False,False,4255.0,495.3,495.3,1648448489.777,1648448489.983
1648448500,7c6b09,-33.991607666015625,151.17832105986926,99.58711073348027,184.44410612165268,5.52704,JST521  ,False,False,False,4255.0,548.64,548.64,1648448499.738,1648448499.958
1648448510,7c6b09,-34.00140380859375,151.177312111368,109.96714319791732,184.83041995828992,3.90144,JST521  ,False,False,False,4255.0,586.74,594.36,1648448509.67,1648448509.93
1648448520,7c6b09,-34.01152038574219,151.1761910574777,118.35007561054958,185.4875570600913,9.7536,JST521  ,False,False,False,4255.0,670.5600000000001,670.5600000000001,1648448519.947,1648448519.982
1648448530,7c6b09,-34.02233059123415,151.1751365661621,125.6297106227444,182.34687429248729,10.72896,JST521  ,False,False,False,4255.0,769.62,769.62,1648448529.481,1648448529.99
1648448540,7c6b09,-34.03429451635327,151.17639541625977,131.07423364499107,167.76388849058367,15.280640000000002,JST521  ,False,False,False,4255.0,899.1600000000001,914.4,1648448539.384,1648448539.989
1648448550,7c6b09,-34.045440673828125,151.17972237723214,133.78017059834391,164.8415014068944,17.231360000000002,JST521  ,False,False,False,4255.0,1051.56,1059.1799999999998,1648448549.617,1648448549.991
1648448560,7c6b09,-34.05808270987819,151.1840057373047,135.9583130301488,163.96526563793464,19.182080000000003,JST521  ,False,False,False,4255.0,1234.44,1249.68,1648448559.853,1648448559.929
1648448570,7c6b09,-34.06892395019531,151.18785001793685,136.7395635814975,163.6104596659652,19.832320000000003,JST521  ,False,False,False,4255.0,1432.5600000000002,1440.18,1648448569.73,1648448569.98
1648448580,7c6b09,-34.08093985864673,151.19207382202148,134.62027367876607,163.5733910193064,23.73376,JST521  ,False,False,False,4255.0,1645.92,1676.4,1648448579.396,1648448579.984
1648448590,7c6b09,-34.092041015625,151.1959776586416,132.3561539196393,163.74870321753562,23.73376,JST521  ,False,False,False,4255.0,1874.52,1897.38,1648448589.529,1648448589.952
1648448600,7c6b09,-34.103759765625,151.2000695053412,129.1049465962262,163.80372106315303,23.73376,JST521  ,False,False,False,4255.0,2103.12,2133.6,1648448599.659,1648448599.949
1648448610,7c6b09,-34.11538851463189,151.2040901184082,125.21719136429438,164.02227014115917,23.40864,JST521  ,False,False,False,4255.0,2331.7200000000003,2392.68,1648448609.955,1648448609.992
1648448620,7c6b09,-34.12568664550781,151.20763661910078,123.5918921120739,164.05460409907712,17.231360000000002,JST521  ,False,False,False,4255.0,2522.2200000000003,2583.1800000000003,1648448619.992,1648448619.995
1648448630,7c6b09,-34.136444091796875,151.21133609693877,124.08662282104578,164.11986122292475,16.581120000000002,JST521  ,False,False,False,4255.0,2674.6200000000003,2750.82,1648448629.625,1648448629.877
1648448640,7c6b09,-34.14665222167969,151.21425083705358,124.4167684766191,171.1998021236195,15.280640000000002,JST521  ,False,False,False,4255.0,2827.02,2895.6,1648448639.704,1648448639.997
1648448650,7c6b09,-34.15858899132684,151.2143898010254,125.95896341298648,187.03794076318468,12.67968,JST521  ,False,False,False,4255.0,2964.1800000000003,3040.38,1648448649.825,1648448649.983
1648448660,7c6b09,-34.169854632878696,151.21015548706055,126.58354328679192,205.0028262602356,13.98016,JST521  ,False,False,False,4255.0,3086.1000000000004,3185.1600000000003,1648448659.821,1648448659.926
1648448670,7c6b09,-34.178375244140625,151.20292819276148,125.77813884718869,221.18592516570965,15.280640000000002,JST521  ,False,False,False,4255.0,3230.88,3322.32,1648448669.704,1648448669.93
1648448680,7c6b09,-34.18726516982258,151.1928749084473,125.89696564633734,223.6754780877088,14.305280000000002,JST521  ,False,False,False,4255.0,3375.6600000000003,3474.7200000000003,1648448679.787,1648448679.975
1648448690,7c6b09,-34.195085945775986,151.1840057373047,127.01767170264026,223.1947134784868,14.630400000000002,JST521  ,False,False,False,4255.0,3512.82,3611.88,1648448689.95,1648448689.983
1648448700,7c6b09,-34.20383776648572,151.17422103881836,127.79869992245604,222.5529513576764,13.0048,JST521  ,False,False,False,4255.0,3649.98,3756.66,1648448699.685,1648448699.923
1648448710,7c6b09,-34.212496482719814,151.16472244262695,131.11965563535023,222.13759477388825,10.40384,JST521  ,False,False,False,4255.0,3756.66,3870.960000000001,1648448709.515,1648448709.974
1648448720,7c6b09,-34.22087588552705,151.15568161010742,134.44716145243802,221.74277805933303,12.02944,JST521  ,False,False,False,4255.0,3863.34,3977.64,1648448719.455,1648448719.949
1648448730,7c6b09,-34.2306984077066,151.14521026611328,134.83144440600682,221.59723022893823,14.630400000000002,JST521  ,False,False,False,4255.0,4000.5,4137.66,1648448729.813,1648448729.997
1648448740,7c6b09,-34.23907470703125,151.1362815389828,135.21659248724086,221.45251061980332,14.955520000000002,JST521  ,False,False,False,4255.0,4137.66,4259.58,1648448739.763,1648448739.975
1648448750,7c6b09,-34.24871412374205,151.12598419189453,135.21659248724086,221.45251061980332,14.955520000000002,JST521  ,False,False,False,4255.0,4290.06,4427.22,1648448749.926,1648448749.994
1648448760,7c6b09,-34.257568359375,151.11671914859693,135.88529697807164,219.77779805541323,14.630400000000002,JST521  ,False,False,False,4255.0,4419.6,4556.76,1648448759.944,1648448759.986
1648448770,7c6b09,-34.26786804199219,151.1085915078922,137.58660275201146,207.1399059293209,12.67968,JST521  ,False,False,False,4255.0,4549.14,4693.92,1648448769.625,1648448769.998
1648448780,7c6b09,-34.27986145019531,151.10253781688456,139.76412471205964,201.3706222693432,9.7536,JST521  ,False,False,False,4255.0,4663.4400000000005,4831.080000000001,1648448779.584,1648448779.934
1648448790,7c6b09,-34.2916259765625,151.09704465282206,145.11789572013137,201.197921289598,5.20192,JST521  ,False,False,False,4255.0,4732.02,4899.660000000001,1648448789.933,1648448789.989
1648448800,7c6b09,-34.30462336136122,151.0909080505371,151.99099757766018,201.44128990729533,4.8768,JST521  ,False,False,False,4255.0,4770.12,4937.76,1648448799.808,1648448799.957
1648448810,7c6b09,-34.316866599907314,151.0850715637207,158.3886107681348,201.73229518994304,4.8768,JST521  ,False,False,False,4255.0,4815.84,4991.1,1648448809.733,1648448809.939
1648448820,7c6b09,-34.33097192796612,151.07831954956055,164.59796367103792,201.83466298204527,5.20192,JST521  ,False,False,False,4255.0,4869.18,5044.4400000000005,1648448819.778,1648448819.96
1648448830,7c6b09,-34.34498415154928,151.0715103149414,170.3306915063577,201.9942156442052,5.52704,JST521  ,False,False,False,4255.0,4922.52,5090.160000000001,1648448829.523,1648448829.964
1648448840,7c6b09,-34.35922913632152,151.0645866394043,176.54126109836488,202.08044516753336,5.20192,JST521  ,False,False,False,4255.0,4968.240000000001,5143.500000000001,1648448839.847,1648448839.948
1648448850,7c6b09,-34.37482413599048,151.05697631835938,182.0819288390645,202.07195417846123,4.55168,JST521  ,False,False,False,4255.0,5013.96,5204.46,1648448849.833,1648448849.985
1648448860,7c6b09,-34.38908386230469,151.05007249481824,187.4299602291817,201.91822029191968,4.8768,JST521  ,False,False,False,4255.0,5059.68,5242.56,1648448859.56,1648448859.921
1648448870,7c6b09,-34.405967583090614,151.0418701171875,192.9706804930525,201.91486632719173,4.55168,JST521  ,False,False,False,4255.0,5105.400000000001,5295.900000000001,1648448869.749,1648448870.0
1648448880,7c6b09,-34.42103576660156,151.03460195113203,198.31999690850236,201.7738103654069,4.22656,JST521  ,False,False,False,4255.0,5151.12,5341.62,1648448879.634,1648448879.961
1648448890,7c6b09,-34.43888001522777,151.02596282958984,203.86072773124667,201.7745604819848,4.22656,JST521  ,False,False,False,4255.0,5189.22,5379.72,1648448889.798,1648448889.906
1648448900,7c6b09,-34.456849179025426,151.0173225402832,208.9238093741364,201.8276078290679,4.55168,JST521  ,False,False,False,4255.0,5227.320000000001,5425.4400000000005,1648448899.995,1648448900.0
1648448910,7c6b09,-34.47303771972656,151.0093221859056,212.85613956425075,203.6531650720163,3.5763200000000004,JST521  ,False,False,False,4255.0,5265.42,5463.54,1648448909.567,1648448909.989
1648448920,7c6b09,-34.49079895019531,150.99783138352998,216.8154128522278,212.10625595511783,2.27584,JST521  ,False,False,False,4255.0,5288.280000000001,5486.400000000001,1648448919.683,1648448919.973
1648448930,7c6b09,-34.50581359863281,150.9840424206792,219.90841336654708,220.92113581628297,4.22656,JST521  ,False,False,False,4255.0,5318.76,5516.88,1648448929.718,1648448929.955
1648448940,7c6b09,-34.52178955078125,150.96666608537947,222.1314148907671,222.37187454242377,8.45312,JST521  ,False,False,False,4255.0,5394.96,5585.46,1648448939.97,1648448940.0
1648448950,7c6b09,-34.53602600097656,150.9509713309152,223.23846740527156,222.29145238469468,11.3792,JST521  ,False,False,False,4255.0,5486.400000000001,5684.52,1648448949.205,1648448949.98
1648448960,7c6b09,-34.54948425292969,150.93628552495218,224.7272523635645,222.12370039710623,8.128,JST521  ,False,False,False,4255.0,5577.84,5783.58,1648448958.878,1648448959.958
1648448970,7c6b09,-34.566572803562,150.91764450073242,222.202888813063,221.99707237861608,6.827520000000001,JST521  ,False,False,False,4255.0,5646.42,5867.4,1648448969.831,1648448969.941
1648448980,7c6b09,-34.580108642578125,150.90293417171557,217.50032828809907,221.83611638111924,7.80288,JST521  ,False,False,False,4255.0,5715.0,5928.36,1648448979.745,1648448979.956
1648448990,7c6b09,-34.59521484375,150.8866228376116,216.0474937324828,221.81481863521688,12.35456,JST521  ,False,False,False,4255.0,5829.3,6050.280000000001,1648448989.676,1648448989.969
1648449000,7c6b09,-34.60931396484375,150.87109624123087,216.5295957134875,223.36342295838327,9.42848,JST521  ,False,False,False,4255.0,5928.360000000001,6149.34,1648448999.943,1648448999.991
1648449010,7c6b09,-34.623133772510585,150.85372924804688,217.54169527750796,228.3552085466237,5.52704,JST521  ,False,False,False,4255.0,5989.320000000001,6217.920000000001,1648449009.751,1648449009.991
1648449020,7c6b09,-34.635589599609375,150.83477409518494,218.84921807634893,233.5072200455988,7.477760000000001,JST521  ,False,False,False,4255.0,6050.280000000001,6286.500000000001,1648449019.692,1648449019.936
1648449030,7c6b09,-34.64668920484644,150.81619262695312,219.29861333056013,234.2592019426048,12.02944,JST521  ,False,False,False,4255.0,6149.34,6377.9400000000005,1648449029.726,1648449029.989
1648449040,7c6b09,-34.65888589115468,150.79570770263672,217.74598151883723,234.13186408439637,16.256,JST521  ,False,False,False,4255.0,6294.12,6522.72,1648449039.709,1648449039.992
1648449050,7c6b09,-34.669639458090614,150.7777976989746,215.05974394992515,233.95247333415412,14.955520000000002,JST521  ,False,False,False,4255.0,6454.14,6690.360000000001,1648449049.702,1648449049.967
1648449060,7c6b09,-34.681463726496304,150.75817108154297,214.64401445915175,233.87166499337891,10.40384,JST521  ,False,False,False,4255.0,6568.4400000000005,6812.280000000001,1648449059.752,1648449059.979
1648449070,7c6b09,-34.69286902476165,150.73923110961914,215.3628733416496,233.8418145601917,7.80288,JST521  ,False,False,False,4255.0,6644.64,6896.1,1648449069.355,1648449069.959
1648449080,7c6b09,-34.70408811407577,150.72063446044922,216.49720374753608,233.8925487082481,9.10336,JST521  ,False,False,False,4255.0,6728.46,6979.92,1648449079.829,1648449079.955
1648449090,7c6b09,-34.71629333496094,150.70035973373726,217.329301790264,234.05239792362173,8.128,JST521  ,False,False,False,4255.0,6797.04,7063.74,1648449089.995,1648449089.998
1648449100,7c6b09,-34.72663879394531,150.68309550382654,216.9130417262728,233.9726266148964,13.32992,JST521  ,False,False,False,4255.0,6903.72,7162.8,1648449099.688,1648449099.992
1648449110,7c6b09,-34.73825745663402,150.66370010375977,213.9252142287726,233.901716032892,17.55648,JST521  ,False,False,False,4255.0,7063.740000000001,7338.06,1648449109.452,1648449109.996
1648449120,7c6b09,-34.749114990234375,150.64576440927934,211.6566665421577,233.7985692068571,13.32992,JST521  ,False,False,False,4255.0,7208.52,7475.22,1648449119.719,1648449119.989
1648449130,7c6b09,-34.760833740234375,150.62637017697705,212.3756679106691,233.76854633988225,6.827520000000001,JST521  ,False,False,False,4255.0,7299.96,7589.52,1648449129.583,1648449129.986
1648449140,7c6b09,-34.77264404296875,150.6068077865912,213.5097547389252,233.82037955202105,8.128,JST521  ,False,False,False,4255.0,7368.54,7658.1,1648449139.667,1648449139.997
1648449150,7c6b09,-34.7835062317929,150.58874130249023,213.9252142287726,233.901716032892,11.3792,JST521  ,False,False,False,4255.0,7467.6,7741.92,1648449149.754,1648449150.0
1648449160,7c6b09,-34.79523739572301,150.56922912597656,212.07201251016969,233.88065915052027,14.955520000000002,JST521  ,False,False,False,4255.0,7597.14,7879.08,1648449159.966,1648449159.973
1648449170,7c6b09,-34.80574035644531,150.55176404057718,209.9158468318769,233.9726266148964,14.305280000000002,JST521  ,False,False,False,4255.0,7749.54,8031.48,1648449169.599,1648449169.967
1648449180,7c6b09,-34.816864013671875,150.53276217713648,209.2086322466444,235.21573957402293,9.7536,JST521  ,False,False,False,4255.0,7856.22,8153.400000000001,1648449179.727,1648449179.995
1648449190,7c6b09,-34.82731188757947,150.51424026489258,211.02553078139397,236.23245344144544,2.92608,JST521  ,False,False,False,4255.0,7901.94,8214.36,1648449189.097,1648449189.999
1648449200,7c6b09,-34.838470458984375,150.49369344905932,214.0284893930992,236.76828893202065,2.92608,JST521  ,False,False,False,4255.0,7932.42,8244.84,1648449199.931,1648449199.967
1648449210,7c6b09,-34.84904479980469,150.47396290058992,216.89595984556271,237.10146854231036,3.2512000000000003,JST521  ,False,False,False,4255.0,7955.280000000001,8267.7,1648449209.648,1648449209.996
1648449220,7c6b09,-34.85911560058594,150.4551291952328,219.18272857119103,237.16781297513307,5.52704,JST521  ,False,False,False,4255.0,8001.0,8313.42,1648449219.635,1648449219.988
1648449230,7c6b09,-34.87051236427436,150.43373107910156,220.17361803549744,237.01541840695563,8.128,JST521  ,False,False,False,4255.0,8069.580000000001,8382.0,1648449229.878,1648449229.926
1648449240,7c6b09,-34.88044738769531,150.41516362404337,220.88526455378687,236.97613244420336,7.477760000000001,JST521  ,False,False,False,4255.0,8145.780000000001,8458.2,1648449239.594,1648449239.877
1648449250,7c6b09,-34.891600528005824,150.3945350646973,222.16000721905968,236.71471287809376,6.1772800000000005,JST521  ,False,False,False,4255.0,8206.74,8526.78,1648449249.322,1648449249.994
1648449260,7c6b09,-34.90324401855469,150.37301199776786,222.44275399844392,236.60394287357047,7.152640000000001,JST521  ,False,False,False,4255.0,8275.32,8595.36,1648449259.623,1648449259.998
1648449270,7c6b09,-34.91385249768274,150.35350799560547,223.155465900738,236.56636967258368,8.77824,JST521  ,False,False,False,4255.0,8351.52,8663.94,1648449269.795,1648449269.988
1648449280,7c6b09,-34.92535090042372,150.33239364624023,222.72633007911327,236.49345452260656,8.45312,JST521  ,False,False,False,4255.0,8442.960000000001,8770.62,1648449279.921,1648449279.962
1648449290,7c6b09,-34.935516357421875,150.31370824697066,223.155465900738,236.56636967258368,7.152640000000001,JST521  ,False,False,False,4255.0,8511.54,8839.2,1648449289.511,1648449289.913
1648449300,7c6b09,-34.94727700443593,150.29205322265625,224.297584,236.60151153201275,5.20192,JST521  ,False,False,False,4255.0,8564.880000000001,8900.160000000002,1648449299.734,1648449299.959
1648449310,7c6b09,-34.95844954151221,150.27151107788086,226.4360198015112,236.49044788024705,2.92608,JST521  ,False,False,False,4255.0,8602.98,8938.26,1648449309.289,1648449309.978
1648449320,7c6b09,-34.969761735301915,150.25074005126953,228.7199741841464,236.5601307942177,4.22656,JST521  ,False,False,False,4255.0,8641.08,8976.36,1648449319.803,1648449319.986
1648449330,7c6b09,-34.98179626464844,150.2285642040019,229.4327961193657,236.5237217038973,6.827520000000001,JST521  ,False,False,False,4255.0,8694.42,9029.7,1648449329.978,1648449330.0
1648449340,7c6b09,-34.98931367518537,150.21474838256836,229.8620763498336,236.59445293859264,7.80288,JST521  ,False,False,False,4255.0,8763.0,9098.28,1648449337.336,1648449339.857
1648449350,7c6b09,-35.00390625,150.1878699477838,230.2917055775594,236.66492036979145,6.1772800000000005,JST521  ,False,False,False,4255.0,8831.58,9174.48,1648449349.689,1648449349.857
1648449360,7c6b09,-35.01466369628906,150.16802729392538,231.71690788354584,236.59217541029108,4.22656,JST521  ,False,False,False,4255.0,8877.300000000001,9220.2,1648449359.59,1648449359.969
1648449370,7c6b09,-35.026611328125,150.14594253228637,232.859085973748,236.62589864330863,5.20192,JST521  ,False,False,False,4255.0,8923.02,9265.92,1648449369.649,1648449369.873
1648449380,7c6b09,-35.03910827636719,150.12290487484057,234.2844850506229,236.55418827605277,5.52704,JST521  ,False,False,False,4255.0,8976.36,9326.88,1648449379.977,1648449379.977
1648449390,7c6b09,-35.04978503211072,150.1032257080078,234.71391221273615,236.623401696252,7.80288,JST521  ,False,False,False,4255.0,9044.94,9387.84,1648449389.837,1648449389.973
1648449400,7c6b09,-35.06208801269531,150.08047298509248,234.71391221273615,236.623401696252,6.502400000000001,JST521  ,False,False,False,4255.0,9113.52,9464.04,1648449399.997,1648449399.997
1648449410,7c6b09,-35.073028564453125,150.06023796237244,236.2860948988124,236.72511201516508,2.27584,JST521  ,False,False,False,4255.0,9151.62,9502.14,1648449409.977,1648449409.992
1648449420,7c6b09,-35.08543395996094,150.03720030492667,238.14090080120167,236.7218782540491,3.2512000000000003,JST521  ,False,False,False,4255.0,9174.48,9532.62,1648449419.943,1648449419.99
1648449430,7c6b09,-35.09651184082031,150.01668501873405,238.8533077230005,236.68642261953983,6.827520000000001,JST521  ,False,False,False,4255.0,9227.82,9585.96,1648449429.192,1648449429.986
1648449440,7c6b09,-35.1082763671875,149.9948244678731,238.8533077230005,236.68642261953983,6.827520000000001,JST521  ,False,False,False,4255.0,9296.4,9654.54,1648449439.657,1648449439.968
1648449450,7c6b09,-35.12104797363281,149.97128233617667,238.57115169690607,236.7896706126476,8.128,JST521  ,False,False,False,4255.0,9364.98,9730.74,1648449449.973,1648449449.973
1648449460,7c6b09,-35.13185662738351,149.95119094848633,238.14090080120167,236.7218782540491,8.128,JST521  ,False,False,False,4255.0,9441.18,9806.94,1648449459.88,1648449459.948
1648449470,7c6b09,-35.143798828125,149.92896255181762,237.71098450026588,236.65384058583436,7.152640000000001,JST521  ,False,False,False,4255.0,9517.38,9883.14,1648449469.718,1648449469.882
1648449480,7c6b09,-35.15483093261719,149.90850331831953,237.8590123401588,236.82547746400903,6.502400000000001,JST521  ,False,False,False,4255.0,9585.96,9944.1,1648449479.49,1648449479.955
1648449490,7c6b09,-35.16746520996094,149.88490513392858,237.8590123401588,236.82547746400903,7.152640000000001,JST521  ,False,False,False,4255.0,9654.54,10027.92,1648449489.947,1648449489.997
1648449500,7c6b09,-35.17918395996094,149.86310063576212,237.8590123401588,236.82547746400903,6.827520000000001,JST521  ,False,False,False,4255.0,9723.12,10096.5,1648449499.651,1648449499.987
1648449510,7c6b09,-35.190673828125,149.84174455915178,237.8590123401588,236.82547746400903,6.827520000000001,JST521  ,False,False,False,4255.0,9791.7,10165.08,1648449509.941,1648449509.997
1648449520,7c6b09,-35.202392578125,149.8198840082908,238.14090080120167,236.7218782540491,6.827520000000001,JST521  ,False,False,False,4255.0,9852.66,10226.04,1648449519.757,1648449519.838
1648449530,7c6b09,-35.213648909229335,149.7989845275879,236.99849386029825,236.6893691754392,9.10336,JST521  ,False,False,False,4255.0,9936.48,10309.86,1648449529.985,1648449529.994
1648449540,7c6b09,-35.225555419921875,149.7769476442921,235.1436806342854,236.69236221620923,11.3792,JST521  ,False,False,False,4255.0,10043.16,10416.54,1648449539.59,1648449539.938
1648449550,7c6b09,-35.23713684082031,149.75549697875977,233.2888680601484,236.69540285059728,11.05408,JST521  ,False,False,False,4255.0,10149.84,10530.84,1648449549.202,1648449549.997
1648449560,7c6b09,-35.24858093261719,149.73421096801758,231.1520032392653,236.80506885989524,9.7536,JST521  ,False,False,False,4255.0,10248.9,10629.9,1648449559.598,1648449559.94
1648449570,7c6b09,-35.2606201171875,149.71174524185506,230.43990547676069,236.84207611532776,7.80288,JST521  ,False,False,False,4255.0,10332.72,10713.72,1648449569.859,1648449569.971
1648449580,7c6b09,-35.271234027409946,149.69187635056517,230.1589340010309,236.94928847150803,6.1772800000000005,JST521  ,False,False,False,4255.0,10393.68,10782.3,1648449579.798,1648449579.945
1648449590,7c6b09,-35.28273010253906,149.67029571533203,229.87877037713088,237.05676253383265,5.8521600000000005,JST521  ,False,False,False,4255.0,10454.64,10843.260000000002,1648449589.677,1648449589.996
1648449600,7c6b09,-35.2935791015625,149.64997636510972,229.87877037713088,237.05676253383265,5.52704,JST521  ,False,False,False,4255.0,10515.6,10904.22,1648449599.891,1648449599.946
1648449610,7c6b09,-35.30526371325476,149.62794527094417,229.4472145197645,236.98690333974585,7.152640000000001,JST521  ,False,False,False,4255.0,10576.56,10965.180000000002,1648449609.871,1648449609.998
1648449620,7c6b09,-35.316741943359375,149.60649490356445,228.304196201202,236.95448280249303,7.80288,JST521  ,False,False,False,4255.0,10652.76,11049.0,1648449619.575,1648449619.962
1648449630,7c6b09,-35.327469130693885,149.5863374750665,228.02407500789087,237.06283742598956,6.1772800000000005,JST521  ,False,False,False,4255.0,10713.72,11102.340000000002,1648449629.771,1648449629.978
1648449640,7c6b09,-35.338595115532314,149.565358263381,227.5924908246232,236.9924204508279,6.1772800000000005,JST521  ,False,False,False,4255.0,10782.3,11178.54,1648449639.329,1648449639.974
1648449650,7c6b09,-35.34974670410156,149.5444107055664,227.5924908246232,236.9924204508279,4.22656,JST521  ,False,False,False,4255.0,10828.02,11224.26,1648449649.926,1648449649.987
1648449660,7c6b09,-35.361126398636145,149.52304921251664,226.88088585632767,237.03059609653783,9.10336,JST521  ,False,False,False,4255.0,10896.6,11285.22,1648449659.894,1648449659.937
1648449670,7c6b09,-35.3719482421875,149.5026969909668,224.31469215029588,237.07528858319355,4.22656,JST521  ,False,False,False,4255.0,10942.32,11346.18,1648449669.114,1648449669.785
1648449680,7c6b09,-35.38325500488281,149.4814109802246,220.45411054604455,236.9032656146101,1.6256000000000002,JST521  ,False,False,False,4255.0,10965.18,11376.66,1648449679.943,1648449679.944
1648449690,7c6b09,-35.3939208984375,149.46138381958008,214.8898539767893,236.91862967395423,0.32512,JST521  ,False,False,False,4255.0,10972.8,11384.28,1648449689.793,1648449689.914
1648449700,7c6b09,-35.40376281738281,149.4429588317871,210.74944243045863,236.853004167744,0.0,JST521  ,False,False,False,4255.0,10980.42,11391.9,1648449699.658,1648449699.948
1648449710,7c6b09,-35.41461491988878,149.42259443567156,206.75913325494977,236.9821088475939,-0.32512,JST521  ,False,False,False,4255.0,10980.42,11384.28,1648449709.714,1648449709.974
1648449720,7c6b09,-35.42406502416577,149.40488774725733,203.76139099165889,236.95187513002475,-0.65024,JST521  ,False,False,False,4255.0,10972.8,11376.660000000002,1648449719.977,1648449719.994
1648449730,7c6b09,-35.43415832519531,149.3858528137207,201.6266112436078,237.080317616755,-0.65024,JST521  ,False,False,False,4255.0,10972.8,11369.04,1648449729.823,1648449729.841
1648449740,7c6b09,-35.44441223144531,149.36651229858398,201.78012557434587,237.28232758136065,-0.32512,JST521  ,False,False,False,4255.0,10972.8,11369.04,1648449739.64,1648449739.909
1648449750,7c6b09,-35.45343948622883,149.3492548516456,202.64653749268663,237.4395620188465,-0.32512,JST521  ,False,False,False,4255.0,10972.8,11369.04,1648449749.402,1648449749.959
1648449760,7c6b09,-35.46405339645128,149.32891845703125,204.0676860745176,237.35155915003017,0.0,JST521  ,False,False,False,4255.0,10965.18,11361.42,1648449759.829,1648449759.94
1648449770,7c6b09,-35.47341039625269,149.31115333070147,204.3456788819064,237.2301067954941,0.0,JST521  ,False,False,False,4255.0,10965.18,11361.42,1648449769.865,1648449769.904
1648449780,7c6b09,-35.48419189453125,149.29080963134766,204.1927972706949,237.03059609653783,0.32512,JST521  ,False,False,False,4255.0,10972.8,11369.04,1648449779.99,1648449779.99
1648449790,7c6b09,-35.49338130627649,149.27340243725067,204.62458738104968,237.108984983229,0.32512,JST521  ,False,False,False,4255.0,10972.8,11369.04,1648449789.205,1648449789.985
1648449800,7c6b09,-35.50355529785156,149.25418853759766,204.62458738104968,237.108984983229,0.32512,JST521  ,False,False,False,4255.0,10972.8,11369.04,1648449799.711,1648449799.923
1648449810,7c6b09,-35.51435852050781,149.23370361328125,205.05675889801051,237.18704359535383,-0.32512,JST521  ,False,False,False,4255.0,10972.8,11369.04,1648449809.926,1648449809.926
1648449820,7c6b09,-35.52337646484375,149.2166519165039,205.05675889801051,237.18704359535383,-0.32512,JST521  ,False,False,False,4255.0,10972.8,11369.04,1648449819.6,1648449819.853
1648449830,7c6b09,-35.53376770019531,149.1969108581543,205.05675889801051,237.18704359535383,0.32512,JST521  ,False,False,False,4255.0,10972.8,11369.04,1648449829.571,1648449829.994
1648449840,7c6b09,-35.54333185745497,149.17867457613033,205.4893094151301,237.2647737278924,0.0,JST521  ,False,False,False,4255.0,10972.8,11369.04,1648449839.712,1648449839.955
1648449850,7c6b09,-35.5537595587262,149.158864122756,205.7679539489154,237.14427804956705,-0.32512,JST521  ,False,False,False,4255.0,10972.8,11369.04,1648449849.889,1648449849.963
1648449860,7c6b09,-35.56423381223516,149.13905366938167,206.2002960515127,237.2218298148478,0.0,JST521  ,False,False,False,4255.0,10972.8,11369.04,1648449859.825,1648449859.87
1648449870,7c6b09,-35.573455810546875,149.1214942932129,206.2002960515127,237.2218298148478,0.0,JST521  ,False,False,False,4255.0,10972.8,11369.04,1648449869.657,1648449869.904
1648449880,7c6b09,-35.58406506554559,149.10130277593086,206.2002960515127,237.2218298148478,-0.32512,JST521  ,False,False,False,4255.0,10972.8,11369.04,1648449879.78,1648449879.967
1648449890,7c6b09,-35.59327697753906,149.0837287902832,206.2002960515127,237.2218298148478,0.0,JST521  ,False,False,False,4255.0,10972.8,11369.04,1648449889.605,1648449889.987
1648449900,7c6b09,-35.60371398925781,149.0639305114746,205.4893094151301,237.2647737278924,0.65024,JST521  ,False,False,False,4255.0,10972.8,11369.04,1648449899.558,1648449899.898
1648449910,7c6b09,-35.61369323730469,149.0448760986328,205.05675889801051,237.18704359535383,0.32512,JST521  ,False,False,False,4255.0,10980.42,11376.66,1648449909.362,1648449909.989
1648449920,7c6b09,-35.62391378111761,149.02550879945147,205.05675889801051,237.18704359535383,0.0,JST521  ,False,False,False,4255.0,10980.42,11376.66,1648449919.989,1648449919.989
1648449930,7c6b09,-35.63392251224843,149.0064580389794,205.4893094151301,237.2647737278924,-0.32512,JST521  ,False,False,False,4255.0,10980.42,11376.66,1648449929.668,1648449929.723
1648449940,7c6b09,-35.64369848219019,148.98781634391622,205.4893094151301,237.2647737278924,-0.65024,JST521  ,False,False,False,4255.0,10972.8,11369.04,1648449939.795,1648449939.906
1648449950,7c6b09,-35.65407963122351,148.9680058905419,205.211576186017,237.38559609936263,-0.32512,JST521  ,False,False,False,4255.0,10972.8,11369.04,1648449949.832,1648449949.924
1648449960,7c6b09,-35.66322326660156,148.95051956176758,205.211576186017,237.38559609936263,0.32512,JST521  ,False,False,False,4255.0,10972.8,11361.420000000002,1648449959.649,1648449959.884
1648449970,7c6b09,-35.6733988099179,148.93113156582447,204.77843901787904,237.3080158174279,0.0,JST521  ,False,False,False,4255.0,10972.8,11361.420000000002,1648449969.4,1648449969.805
1648449980,7c6b09,-35.68415237685383,148.9105614195479,204.77843901787904,237.3080158174279,0.0,JST521  ,False,False,False,4255.0,10972.8,11361.420000000002,1648449979.775,1648449979.804
1648449990,7c6b09,-35.693462824417395,148.89267941738697,204.77843901787904,237.3080158174279,0.0,JST521  ,False,False,False,4255.0,10972.8,11361.420000000002,1648449989.785,1648449989.985
1648450000,7c6b09,-35.70405578613281,148.87252807617188,204.77843901787904,237.3080158174279,0.32512,JST521  ,False,False,False,4255.0,10972.8,11361.420000000002,1648449999.996,1648449999.996
1648450010,7c6b09,-35.71278200311178,148.85580509266956,204.77843901787904,237.3080158174279,0.0,JST521  ,False,False,False,4255.0,10972.8,11361.420000000002,1648450009.471,1648450009.928
1648450020,7c6b09,-35.72353557004766,148.83523494639297,204.77843901787904,237.3080158174279,0.0,JST521  ,False,False,False,4255.0,10972.8,11361.420000000002,1648450019.881,1648450019.881
1648450030,7c6b09,-35.73349774894069,148.81624262383644,205.211576186017,237.38559609936263,0.0,JST521  ,False,False,False,4255.0,10972.8,11361.420000000002,1648450029.421,1648450029.951
1648450040,7c6b09,-35.74341337559588,148.7971334254488,205.211576186017,237.38559609936263,-0.32512,JST521  ,False,False,False,4255.0,10972.8,11361.420000000002,1648450039.847,1648450039.979
1648450050,7c6b09,-35.75374797239141,148.77726453415892,205.3688541192618,237.58384686562533,-0.32512,JST521  ,False,False,False,4255.0,10972.8,11353.8,1648450049.944,1648450049.979
1648450060,7c6b09,-35.76324462890625,148.7588882446289,206.0789721073569,237.53977760745,-0.32512,JST521  ,False,False,False,4255.0,10965.18,11353.8,1648450059.984,1648450059.984
1648450070,7c6b09,-35.773223876953125,148.73966217041016,206.0789721073569,237.53977760745,0.0,JST521  ,False,False,False,4255.0,10965.18,11353.8,1648450069.862,1648450069.902
1648450080,7c6b09,-35.782562255859375,148.72163772583008,206.5132261496824,237.616382389923,0.0,JST521  ,False,False,False,4255.0,10965.18,11353.8,1648450079.77,1648450079.951
1648450090,7c6b09,-35.79295349121094,148.70161056518555,206.78921117386048,237.49601104443752,0.0,JST521  ,False,False,False,4255.0,10965.18,11353.8,1648450089.604,1648450089.981
1648450100,7c6b09,-35.80329895019531,148.68158340454102,206.78921117386048,237.49601104443752,0.32512,JST521  ,False,False,False,4255.0,10965.18,11353.8,1648450099.792,1648450099.811
1648450110,7c6b09,-35.81309509277344,148.66270065307617,206.5132261496824,237.616382389923,0.0,JST521  ,False,False,False,4255.0,10965.18,11346.18,1648450109.978,1648450109.984
1648450120,7c6b09,-35.823486328125,148.64267349243164,206.78921117386048,237.49601104443752,0.32512,JST521  ,False,False,False,4255.0,10972.8,11361.420000000002,1648450119.948,1648450119.948
1648450130,7c6b09,-35.83265401549261,148.62497532621344,206.78921117386048,237.49601104443752,0.0,JST521  ,False,False,False,4255.0,10972.8,11353.8,1648450129.897,1648450129.96
1648450140,7c6b09,-35.8428955078125,148.60530853271484,207.06610646439307,237.3759610989437,0.32512,JST521  ,False,False,False,4255.0,10980.42,11361.42,1648450139.667,1648450139.926
1648450150,7c6b09,-35.853515625,148.58488082885742,207.06610646439307,237.3759610989437,0.0,JST521  ,False,False,False,4255.0,10980.42,11361.42,1648450149.634,1648450149.975
1648450160,7c6b09,-35.863099179025426,148.56636209690825,206.78921117386048,237.49601104443752,-0.32512,JST521  ,False,False,False,4255.0,10980.42,11361.42,1648450159.886,1648450159.983
1648450170,7c6b09,-35.87310791015625,148.5471360226895,206.78921117386048,237.49601104443752,0.0,JST521  ,False,False,False,4255.0,10980.42,11361.42,1648450169.329,1648450169.74
1648450180,7c6b09,-35.88267517089844,148.52863311767578,206.78921117386048,237.49601104443752,-0.32512,JST521  ,False,False,False,4255.0,10980.42,11361.42,1648450179.821,1648450179.895
1648450190,7c6b09,-35.89335813360702,148.50827480884308,206.89157130866695,236.66555688347813,-0.32512,JST521  ,False,False,False,4255.0,10972.8,11353.8,1648450189.768,1648450189.964
1648450200,7c6b09,-35.9029541015625,148.4908103942871,206.90180453692372,235.6382196278696,-0.32512,JST521  ,False,False,False,4255.0,10972.8,11353.8,1648450199.687,1648450199.971
1648450210,7c6b09,-35.914031982421875,148.47124099731445,207.52188902264373,234.89161972682217,-0.32512,JST521  ,False,False,False,4255.0,10972.8,11353.8,1648450209.703,1648450209.854
1648450220,7c6b09,-35.925432625463486,148.45141471700467,207.69589449789467,234.5778044750816,-0.32512,JST521  ,False,False,False,4255.0,10972.8,11353.8,1648450219.945,1648450219.961
1648450230,7c6b09,-35.93495178222656,148.43496322631836,207.69589449789467,234.5778044750816,0.0,JST521  ,False,False,False,4255.0,10972.8,11353.8,1648450229.236,1648450229.862
1648450240,7c6b09,-35.946893207097446,148.41436507854056,208.11533022312705,234.65989307844237,-0.32512,JST521  ,False,False,False,4255.0,10965.18,11346.18,1648450239.709,1648450239.709
1648450250,7c6b09,-35.95729064941406,148.3963394165039,208.11533022312705,234.65989307844237,-0.32512,JST521  ,False,False,False,4255.0,10965.18,11346.18,1648450249.998,1648450249.998
1648450260,7c6b09,-35.968260684255824,148.37708168841425,207.94294845314027,234.9731424853981,0.0,JST521  ,False,False,False,4255.0,10965.18,11346.18,1648450259.911,1648450259.995
1648450270,7c6b09,-35.979400634765625,148.35748672485352,208.07018127836716,235.17045473826343,-0.32512,JST521  ,False,False,False,4255.0,10965.18,11346.18,1648450269.713,1648450269.909
1648450280,7c6b09,-35.98967471365205,148.3392723570479,208.49267213882604,235.25119875081745,0.0,JST521  ,False,False,False,4255.0,10965.18,11346.18,1648450279.799,1648450279.9
1648450290,7c6b09,-36.00033517611229,148.32033847240692,208.49267213882604,235.25119875081745,0.0,JST521  ,False,False,False,4255.0,10965.18,11346.18,1648450289.54,1648450289.878
1648450300,7c6b09,-36.01103210449219,148.30135345458984,208.49267213882604,235.25119875081745,0.0,JST521  ,False,False,False,4255.0,10965.18,11346.18,1648450299.965,1648450299.965
1648450310,7c6b09,-36.02193541445973,148.28194476188497,208.91557538685743,235.33161602584937,0.0,JST521  ,False,False,False,4255.0,10965.18,11346.18,1648450309.97,1648450309.97
1648450320,7c6b09,-36.03218078613281,148.26370239257812,209.33888852316403,235.41170822769203,0.0,JST521  ,False,False,False,4255.0,10965.18,11338.56,1648450319.966,1648450319.966
1648450330,7c6b09,-36.0426511602887,148.245011999252,209.33888852316403,235.41170822769203,-0.32512,JST521  ,False,False,False,4255.0,10965.18,11346.18,1648450329.365,1648450329.973
1648450340,7c6b09,-36.05424266750532,148.22438341505986,209.33888852316403,235.41170822769203,0.32512,JST521  ,False,False,False,4255.0,10965.18,11338.56,1648450339.809,1648450339.99
1648450350,7c6b09,-36.06449890136719,148.20602416992188,210.0544841929206,235.37584492005104,0.0,JST521  ,False,False,False,4255.0,10972.8,11346.18,1648450349.941,1648450349.941
1648450360,7c6b09,-36.07505151780987,148.1872753386802,210.0544841929206,235.37584492005104,0.0,JST521  ,False,False,False,4255.0,10972.8,11346.18,1648450359.536,1648450359.845
1648450370,7c6b09,-36.08557232355668,148.16845832987036,210.47802153422683,235.45541471881,0.0,JST521  ,False,False,False,4255.0,10972.8,11346.18,1648450369.824,1648450369.99
1648450380,7c6b09,-36.09654235839844,148.14886093139648,210.47802153422683,235.45541471881,0.32512,JST521  ,False,False,False,4255.0,10972.8,11346.18,1648450379.613,1648450379.949
1648450390,7c6b09,-36.10771179199219,148.12883377075195,211.19351681852712,235.4195967595979,0.0,JST521  ,False,False,False,4255.0,10972.8,11346.18,1648450389.822,1648450389.947
1648450400,7c6b09,-36.11824035644531,148.1099510192871,211.19351681852712,235.4195967595979,-0.32512,JST521  ,False,False,False,4255.0,10972.8,11346.18,1648450399.973,1648450399.973
1648450410,7c6b09,-36.129471083818885,148.08985933344417,211.19351681852712,235.4195967595979,0.0,JST521  ,False,False,False,4255.0,10972.8,11346.18,1648450409.947,1648450409.947
1648450420,7c6b09,-36.13934326171875,148.07212829589844,211.19351681852712,235.4195967595979,0.32512,JST521  ,False,False,False,4255.0,10980.42,11353.8,1648450419.613,1648450419.996
1648450430,7c6b09,-36.15060424804688,148.0521011352539,211.19351681852712,235.4195967595979,0.0,JST521  ,False,False,False,4255.0,10980.42,11353.8,1648450429.627,1648450429.888
1648450440,7c6b09,-36.16052142644333,148.03434331366358,211.19351681852712,235.4195967595979,0.0,JST521  ,False,False,False,4255.0,10980.42,11353.8,1648450439.573,1648450439.992
1648450450,7c6b09,-36.172159485897794,148.0134809778092,211.19351681852712,235.4195967595979,0.32512,JST521  ,False,False,False,4255.0,10980.42,11353.8,1648450449.822,1648450449.865
1648450460,7c6b09,-36.182913052833726,147.99419646567486,211.19351681852712,235.4195967595979,0.0,JST521  ,False,False,False,4255.0,10988.04,11361.42,1648450459.496,1648450459.915
1648450470,7c6b09,-36.19348041081832,147.97526258103392,210.9019631810696,235.53466477765463,0.0,JST521  ,False,False,False,4255.0,10980.42,11353.8,1648450469.739,1648450469.916
1648450480,7c6b09,-36.204437255859375,147.9555702209473,210.9019631810696,235.53466477765463,0.0,JST521  ,False,False,False,4255.0,10980.42,11353.8,1648450479.651,1648450479.741
1648450490,7c6b09,-36.21450805664063,147.93743133544922,210.18673455209412,235.57092402742245,0.0,JST521  ,False,False,False,4255.0,10988.04,11361.42,1648450489.698,1648450489.972
1648450500,7c6b09,-36.22563171386719,147.9174041748047,210.18673455209412,235.57092402742245,-0.32512,JST521  ,False,False,False,4255.0,10980.42,11353.8,1648450499.788,1648450499.822
1648450510,7c6b09,-36.23654123079979,147.89777390500333,210.18673455209412,235.57092402742245,-0.65024,JST521  ,False,False,False,4255.0,10980.42,11346.18,1648450509.389,1648450509.976
1648450520,7c6b09,-36.246826171875,147.8792953491211,210.18673455209412,235.57092402742245,-0.32512,JST521  ,False,False,False,4255.0,10972.8,11338.56,1648450519.751,1648450519.914
1648450530,7c6b09,-36.25772249900689,147.8596723840592,210.18673455209412,235.57092402742245,0.0,JST521  ,False,False,False,4255.0,10972.8,11338.56,1648450529.463,1648450529.754
1648450540,7c6b09,-36.26838296146718,147.84044630984044,209.896304206722,235.68675346486225,0.0,JST521  ,False,False,False,4255.0,10972.8,11338.56,1648450539.746,1648450539.81
1648450550,7c6b09,-36.27941584182997,147.82040210480386,209.896304206722,235.68675346486225,0.0,JST521  ,False,False,False,4255.0,10972.8,11338.56,1648450549.85,1648450549.978
1648450560,7c6b09,-36.28900560282045,147.80310448179856,209.896304206722,235.68675346486225,-0.32512,JST521  ,False,False,False,4255.0,10972.8,11338.56,1648450559.459,1648450559.838
1648450570,7c6b09,-36.30070495605469,147.7819061279297,209.47159067575788,235.6074308727748,0.0,JST521  ,False,False,False,4255.0,10972.8,11338.56,1648450569.959,1648450569.959
1648450580,7c6b09,-36.31158343816208,147.7623148167387,209.47159067575788,235.6074308727748,0.0,JST521  ,False,False,False,4255.0,10972.8,11338.56,1648450579.801,1648450579.925
1648450590,7c6b09,-36.32135009765625,147.74465560913086,209.47159067575788,235.6074308727748,0.32512,JST521  ,False,False,False,4255.0,10972.8,11338.56,1648450589.716,1648450589.898
1648450600,7c6b09,-36.3322060795154,147.72508986452794,209.47159067575788,235.6074308727748,-0.32512,JST521  ,False,False,False,4255.0,10972.8,11338.56,1648450599.437,1648450599.919
1648450610,7c6b09,-36.3424072265625,147.70666122436523,209.18143259730016,235.72370689253543,-0.32512,JST521  ,False,False,False,4255.0,10972.8,11338.56,1648450609.723,1648450609.994
1648450620,7c6b09,-36.353201138771226,147.68704678149933,209.18143259730016,235.72370689253543,0.0,JST521  ,False,False,False,4255.0,10972.8,11338.56,1648450619.43,1648450619.942
1648450630,7c6b09,-36.364837646484375,147.66592025756836,209.18143259730016,235.72370689253543,-0.32512,JST521  ,False,False,False,4255.0,10972.8,11338.56,1648450629.891,1648450629.955
1648450640,7c6b09,-36.37440490722656,147.64863967895508,209.18143259730016,235.72370689253543,-0.32512,JST521  ,False,False,False,4255.0,10972.8,11330.94,1648450639.722,1648450639.977
1648450650,7c6b09,-36.38578770524367,147.62790761095414,209.18143259730016,235.72370689253543,-0.65024,JST521  ,False,False,False,4255.0,10965.18,11323.32,1648450649.869,1648450649.869
1648450660,7c6b09,-36.395330913996304,147.6106099879488,208.8921384158429,235.84030545433055,-0.32512,JST521  ,False,False,False,4255.0,10965.18,11323.32,1648450659.311,1648450659.893
1648450670,7c6b09,-36.406494140625,147.59021759033203,208.8921384158429,235.84030545433055,0.0,JST521  ,False,False,False,4255.0,10965.18,11323.32,1648450669.572,1648450669.945
1648450680,7c6b09,-36.41665183891684,147.5717487741024,209.3180276788223,235.9193742457078,-0.32512,JST521  ,False,False,False,4255.0,10965.18,11315.7,1648450679.888,1648450679.925
1648450690,7c6b09,-36.42745971679688,147.55205154418945,209.606734058969,235.80290341310544,0.0,JST521  ,False,False,False,4255.0,10957.56,11315.7,1648450689.681,1648450689.891
1648450700,7c6b09,-36.43885725635596,147.5317772398604,210.21883994009292,233.8592310136451,0.0,JST521  ,False,False,False,4255.0,10965.18,11315.7,1648450699.8,1648450699.907
1648450710,7c6b09,-36.450728076999496,147.51500555809508,214.9865107511171,224.90305291906355,0.0,JST521  ,False,False,False,4255.0,10965.18,11315.7,1648450709.792,1648450709.989
1648450720,7c6b09,-36.46636962890625,147.4989351313165,219.71637645086395,215.66243704937293,0.32512,JST521  ,False,False,False,4255.0,10965.18,11315.7,1648450719.863,1648450719.949
1648450730,7c6b09,-36.48284912109375,147.48693466186523,223.3949006211789,206.6830649741688,0.65024,JST521  ,False,False,False,4255.0,10965.18,11315.7,1648450729.957,1648450729.957
1648450740,7c6b09,-36.50166320800781,147.47760772705078,227.1117319913039,197.94244708915863,0.65024,JST521  ,False,False,False,4255.0,10972.8,11323.320000000002,1648450739.679,1648450739.855
1648450750,7c6b09,-36.52199955309851,147.47152774891956,229.53024687276925,190.9825315831758,0.32512,JST521  ,False,False,False,4255.0,10980.42,11338.56,1648450749.569,1648450749.916
1648450760,7c6b09,-36.5423583984375,147.46719360351562,229.3658828818502,189.2933085993971,0.65024,JST521  ,False,False,False,4255.0,10980.42,11338.56,1648450759.983,1648450759.983
1648450770,7c6b09,-36.56357070146981,147.462995813248,229.12171474577892,188.9124349695228,0.32512,JST521  ,False,False,False,4255.0,10988.04,11346.18,1648450769.794,1648450769.992
1648450780,7c6b09,-36.582703671212926,147.45931422456783,229.12171474577892,188.9124349695228,0.0,JST521  ,False,False,False,4255.0,10988.04,11346.18,1648450779.931,1648450779.986
1648450790,7c6b09,-36.60346984863281,147.45529174804688,229.2019783585997,189.03948280335516,0.0,JST521  ,False,False,False,4255.0,10988.04,11346.18,1648450789.744,1648450789.964
1648450810,7c6b09,-36.64370727539063,147.44728088378906,228.7755083989404,189.18696568335577,0.0,JST521  ,False,False,False,4255.0,10988.04,11346.18,1648450809.771,1648450809.835
1648450820,7c6b09,-36.66524078886391,147.44295160821144,228.26767814879392,189.20758162863268,-0.32512,JST521  ,False,False,False,4255.0,10980.42,11338.56,1648450819.933,1648450819.951
1648450830,7c6b09,-36.684280654131385,147.43909470578458,228.35055991481127,189.33499846313825,-0.32512,JST521  ,False,False,False,4255.0,10980.42,11338.56,1648450829.907,1648450829.907
1648450840,7c6b09,-36.70573425292969,147.4346923828125,227.8429440709407,189.35598272449684,0.0,JST521  ,False,False,False,4255.0,10980.42,11330.94,1648450839.997,1648450839.997
1648450850,7c6b09,-36.7247314453125,147.43080139160156,227.8429440709407,189.35598272449684,-0.32512,JST521  ,False,False,False,4255.0,10980.42,11330.94,1648450849.953,1648450849.953
1648450860,7c6b09,-36.74531063791051,147.42658899185506,227.8429440709407,189.35598272449684,-0.32512,JST521  ,False,False,False,4255.0,10972.8,11330.94,1648450859.857,1648450859.857
1648450870,7c6b09,-36.76675415039063,147.4222183227539,227.8429440709407,189.35598272449684,-0.32512,JST521  ,False,False,False,4255.0,10972.8,11330.94,1648450869.984,1648450869.984
1648450880,7c6b09,-36.78529901019601,147.4183492457613,227.33535892526285,189.3770606943044,-0.32512,JST521  ,False,False,False,4255.0,10972.8,11323.320000000002,1648450879.94,1648450879.94
1648450890,7c6b09,-36.80550268140894,147.41420015375667,227.33535892526285,189.3770606943044,0.0,JST521  ,False,False,False,4255.0,10972.8,11323.320000000002,1648450889.436,1648450889.963
1648450900,7c6b09,-36.82565980038402,147.410051061752,227.33535892526285,189.3770606943044,0.0,JST521  ,False,False,False,4255.0,10965.18,11315.7,1648450899.853,1648450899.984
1648450910,7c6b09,-36.846221923828125,147.4057960510254,227.41974419320505,189.50493713472537,-0.32512,JST521  ,False,False,False,4255.0,10965.18,11315.7,1648450909.884,1648450909.884
1648450920,7c6b09,-36.864763680150986,147.40201203719428,227.33535892526285,189.3770606943044,-0.32512,JST521  ,False,False,False,4255.0,10965.18,11315.7,1648450919.549,1648450919.971
1648450930,7c6b09,-36.88575873940681,147.3976533309273,226.82780468386284,189.39823299592604,-0.32512,JST521  ,False,False,False,4255.0,10965.18,11315.7,1648450929.387,1648450929.946
1648450940,7c6b09,-36.907498634467686,147.39317520805028,227.41974419320505,189.50493713472537,-0.32512,JST521  ,False,False,False,4255.0,10965.18,11315.7,1648450939.886,1648450939.983
1648450950,7c6b09,-36.92649194749737,147.38923445991847,227.41974419320505,189.50493713472537,-0.32512,JST521  ,False,False,False,4255.0,10957.56,11308.080000000002,1648450949.838,1648450949.904
1648450960,7c6b09,-36.94748700675319,147.3848757536515,227.41974419320505,189.50493713472537,0.0,JST521  ,False,False,False,4255.0,10957.56,11308.080000000002,1648450959.805,1648450959.899
1648450970,7c6b09,-36.96648031978288,147.38093500551972,227.92714141615195,189.4835822365538,0.0,JST521  ,False,False,False,4255.0,10965.18,11315.7,1648450969.752,1648450969.983
1648450980,7c6b09,-36.98752193127649,147.37657629925272,228.35055991481127,189.33499846313825,-0.65024,JST521  ,False,False,False,4255.0,10957.56,11308.080000000002,1648450979.951,1648450979.979
1648450990,7c6b09,-37.00856354277016,147.37221759298575,228.35055991481127,189.33499846313825,-0.32512,JST521  ,False,False,False,4255.0,10957.56,11308.080000000002,1648450989.944,1648450989.944
1648451000,7c6b09,-37.02760340803764,147.36833655315897,228.35055991481127,189.33499846313825,0.0,JST521  ,False,False,False,4255.0,10965.18,11308.08,1648450999.791,1648450999.992
1648451010,7c6b09,-37.04827880859375,147.36406042220744,228.43457016098185,189.4623222080256,0.0,JST521  ,False,False,False,4255.0,10965.18,11308.08,1648451009.553,1648451009.901
1648451020,7c6b09,-37.06815040717692,147.35991768215013,228.9420302180987,189.44115642416645,0.0,JST521  ,False,False,False,4255.0,10965.18,11315.7,1648451019.888,1648451019.956
1648451030,7c6b09,-37.08844718286548,147.35567839249322,228.9420302180987,189.44115642416645,0.0,JST521  ,False,False,False,4255.0,10965.18,11308.08,1648451029.592,1648451029.924
1648451040,7c6b09,-37.10797119140625,147.3516131461935,229.11305152393447,189.6949726734407,-0.32512,JST521  ,False,False,False,4255.0,10965.18,11308.08,1648451039.701,1648451039.972
1648451050,7c6b09,-37.12994384765625,147.3469381129488,230.12731043031036,189.65183346680425,0.0,JST521  ,False,False,False,4255.0,10965.18,11308.08,1648451049.992,1648451049.992
1648451060,7c6b09,-37.15036010742188,147.34255526928192,230.6344884821338,189.63040615418848,0.0,JST521  ,False,False,False,4255.0,10965.18,11308.08,1648451059.77,1648451060.0
1648451070,7c6b09,-37.16963195800781,147.33846461519283,230.72110832001272,189.75635955087117,0.0,JST521  ,False,False,False,4255.0,10965.18,11308.08,1648451069.886,1648451069.94
1648451080,7c6b09,-37.19009399414063,147.33408177152594,231.22812848180996,189.73475802376717,0.0,JST521  ,False,False,False,4255.0,10972.8,11315.7,1648451079.328,1648451079.753
1648451090,7c6b09,-37.21060025489936,147.32970527980638,231.14169864868796,189.609072877459,0.32512,JST521  ,False,False,False,4255.0,10972.8,11315.7,1648451089.683,1648451089.807
1648451100,7c6b09,-37.23112979177705,147.3253465735394,231.648940719021,189.58783302481865,0.32512,JST521  ,False,False,False,4255.0,10972.8,11315.7,1648451099.384,1648451099.683
1648451110,7c6b09,-37.251251220703125,147.32110855427194,231.56381084811852,189.4623222080256,0.0,JST521  ,False,False,False,4255.0,10980.42,11323.32,1648451109.209,1648451109.896
1648451120,7c6b09,-37.27181644762976,147.31680828592053,231.73518136710285,189.71325102494023,0.65024,JST521  ,False,False,False,4255.0,10980.42,11323.32,1648451119.849,1648451119.85
1648451130,7c6b09,-37.29439428297144,147.3121510381284,231.47979297990625,189.33671967737445,0.32512,JST521  ,False,False,False,4255.0,10988.04,11330.94,1648451129.82,1648451129.965
1648451140,7c6b09,-37.31292207362287,147.30832970660666,231.90471343656952,189.19068123321003,0.0,JST521  ,False,False,False,4255.0,10988.04,11330.94,1648451139.385,1648451139.893
1648451150,7c6b09,-37.33428955078125,147.30403070864472,231.39688832565471,189.21102654081665,0.32512,JST521  ,False,False,False,4255.0,10988.04,11330.94,1648451149.472,1648451149.96
1648451160,7c6b09,-37.35360872947564,147.30014966881794,231.31509808231084,189.08524391139105,0.0,JST521  ,False,False,False,4255.0,10988.04,11330.94,1648451159.572,1648451159.704
1648451170,7c6b09,-37.37617492675781,147.2955711851729,231.31509808231084,189.08524391139105,0.0,JST521  ,False,False,False,4255.0,10988.04,11330.94,1648451169.962,1648451169.985
1648451180,7c6b09,-37.39659118652344,147.29083771401264,230.23711181747697,193.0425951591255,0.0,JST521  ,False,False,False,4255.0,10988.04,11330.94,1648451179.848,1648451179.848
1648451190,7c6b09,-37.41463871325476,147.28367017663044,227.85223633965057,201.17682614926144,0.0,JST521  ,False,False,False,4255.0,10988.04,11330.94,1648451189.833,1648451189.956
1648451200,7c6b09,-37.43476867675781,147.27143632604722,225.3106152913797,209.5501640193434,-0.32512,JST521  ,False,False,False,4255.0,10988.04,11330.94,1648451199.975,1648451199.975
1648451210,7c6b09,-37.44969177246094,147.2586384225399,221.67522689756083,218.1198857561639,0.0,JST521  ,False,False,False,4255.0,10988.04,11323.320000000002,1648451209.716,1648451209.947
1648451220,7c6b09,-37.464752197265625,147.24116548578792,217.6541980311941,226.91553280930776,0.0,JST521  ,False,False,False,4255.0,10988.04,11323.320000000002,1648451219.664,1648451219.988
1648451230,7c6b09,-37.47697215969282,147.22169295601222,213.6057970332081,235.6975760497157,-0.32512,JST521  ,False,False,False,4255.0,10988.04,11323.320000000002,1648451229.426,1648451229.821
1648451240,7c6b09,-37.48604984606726,147.20133242399797,209.65723258022425,244.88118706904385,-0.32512,JST521  ,False,False,False,4255.0,10980.42,11315.7,1648451239.925,1648451239.987
1648451250,7c6b09,-37.4923095703125,147.17986411236703,204.85596745541855,254.11389601945717,-0.32512,JST521  ,False,False,False,4255.0,10980.42,11315.7,1648451249.267,1648451249.825
1648451260,7c6b09,-37.49573271153338,147.1570288616678,199.8037182887744,263.6435171599846,0.0,JST521  ,False,False,False,4255.0,10980.42,11315.7,1648451259.73,1648451259.917
1648451270,7c6b09,-37.49606323242188,147.13434097614694,195.3024837891879,273.3221483911255,0.0,JST521  ,False,False,False,4255.0,10980.42,11315.7,1648451269.609,1648451269.984
1648451280,7c6b09,-37.49359130859375,147.1141214573637,191.61709685839944,282.2451675533937,-0.32512,JST521  ,False,False,False,4255.0,10980.42,11315.7,1648451279.695,1648451279.826
1648451290,7c6b09,-37.48800659179688,147.09308380776264,187.6226003424608,292.06396468297726,0.0,JST521  ,False,False,False,4255.0,10980.42,11315.7,1648451289.659,1648451289.798
1648451300,7c6b09,-37.48051012976697,147.0728998598845,185.90514297953436,295.9268820045987,0.0,JST521  ,False,False,False,4255.0,10980.42,11315.7,1648451299.794,1648451299.794
1648451310,7c6b09,-37.47385315975902,147.0560024095618,185.2034124933212,296.565051177078,-0.65024,JST521  ,False,False,False,4255.0,10980.42,11315.7,1648451309.314,1648451309.942
1648451320,7c6b09,-37.46626281738281,147.03692497091092,184.74342304568472,296.63640329400715,-2.60096,JST521  ,False,False,False,4255.0,10957.56,11300.46,1648451319.097,1648451319.953
1648451330,7c6b09,-37.45866394042969,147.01799108626994,184.51335687338243,296.49361009251413,-7.80288,JST521  ,False,False,False,4255.0,10888.98,11247.12,1648451329.965,1648451329.965
1648451340,7c6b09,-37.451568603515625,147.00010908410906,184.0530807387043,296.565051177078,-8.77824,JST521  ,False,False,False,4255.0,10812.78,11170.92,1648451339.362,1648451339.967
1648451350,7c6b09,-37.44351196289063,146.98012331698803,183.59813743007865,296.9958383940866,-10.40384,JST521  ,False,False,False,4255.0,10713.72,11064.240000000002,1648451349.537,1648451349.882
1648451360,7c6b09,-37.43586653369971,146.9627977454144,182.10009644556075,301.130313561495,-9.42848,JST521  ,False,False,False,4255.0,10614.66,10972.8,1648451359.899,1648451359.99
1648451370,7c6b09,-37.42597961425781,146.94459306432847,179.96204095658544,306.28025349376264,-6.827520000000001,JST521  ,False,False,False,4255.0,10530.84,10881.36,1648451369.943,1648451369.971
1648451380,7c6b09,-37.41715253409694,146.92971934442934,178.00059763990097,306.5387118574286,-5.52704,JST521  ,False,False,False,4255.0,10469.88,10820.4,1648451379.94,1648451379.94
1648451390,7c6b09,-37.4073300119174,146.91300101902175,175.9518813662681,306.19980212361946,-7.152640000000001,JST521  ,False,False,False,4255.0,10416.54,10767.06,1648451389.809,1648451389.939
1648451400,7c6b09,-37.39842224121094,146.89766741813497,175.0448155287059,305.79215002842733,-7.152640000000001,JST521  ,False,False,False,4255.0,10340.34,10698.48,1648451399.89,1648451399.892
1648451410,7c6b09,-37.38926696777344,146.8817138671875,173.6086537853265,305.71530795509284,-6.827520000000001,JST521  ,False,False,False,4255.0,10271.76,10614.66,1648451409.635,1648451409.956
1648451420,7c6b09,-37.3798828125,146.865234375,172.17280951675914,305.63718408219404,-7.477760000000001,JST521  ,False,False,False,4255.0,10203.18,10553.7,1648451419.61,1648451419.873
1648451430,7c6b09,-37.37109375,146.84980676529256,171.45500892811347,305.59763149821936,-9.10336,JST521  ,False,False,False,4255.0,10111.74,10462.26,1648451429.946,1648451429.998
1648451440,7c6b09,-37.36226744570973,146.83442488960597,171.45500892811347,305.59763149821936,-11.70432,JST521  ,False,False,False,4255.0,10012.68,10355.58,1648451439.345,1648451439.887
1648451450,7c6b09,-37.353607177734375,146.81924373545547,173.6086537853265,305.71530795509284,-14.305280000000002,JST521  ,False,False,False,4255.0,9875.52,10241.28,1648451449.77,1648451449.833
1648451460,7c6b09,-37.34403991699219,146.80264736743683,176.0646541776619,305.9658312181018,-14.305280000000002,JST521  ,False,False,False,4255.0,9730.74,10073.64,1648451459.526,1648451459.99
1648451470,7c6b09,-37.334381103515625,146.78587568567156,176.0646541776619,305.9658312181018,-6.502400000000001,JST521  ,False,False,False,4255.0,9639.3,9966.96,1648451469.612,1648451469.975
1648451480,7c6b09,-37.32586359573622,146.77119379458222,174.6277865771216,305.89086647972255,-5.8521600000000005,JST521  ,False,False,False,4255.0,9585.96,9913.62,1648451479.389,1648451479.751
1648451490,7c6b09,-37.31669280488615,146.75531138544497,172.7743152153608,305.9144878009557,-7.477760000000001,JST521  ,False,False,False,4255.0,9517.38,9845.04,1648451489.202,1648451489.925
1648451500,7c6b09,-37.30761511851165,146.73960810122284,171.94208486625206,306.11559822883623,-8.128,JST521  ,False,False,False,4255.0,9441.18,9768.84,1648451499.247,1648451499.842
1648451510,7c6b09,-37.298165014234655,146.72336744225544,171.22331703888543,306.0779991987571,-8.77824,JST521  ,False,False,False,4255.0,9364.98,9685.02,1648451509.431,1648451509.935
1648451520,7c6b09,-37.28964595471399,146.70873890752378,170.5046235676923,306.04008318514207,-9.7536,JST521  ,False,False,False,4255.0,9273.54,9593.580000000002,1648451519.456,1648451519.916
1648451530,7c6b09,-37.28028895491264,146.69261766516644,170.20245822321888,305.90004964021625,-6.1772800000000005,JST521  ,False,False,False,4255.0,9204.96,9517.38,1648451529.24,1648451529.991
1648451540,7c6b09,-37.270751953125,146.67618771816822,171.63936630302206,305.9768702871093,-4.22656,JST521  ,False,False,False,4255.0,9159.24,9464.04,1648451539.483,1648451539.851
1648451550,7c6b09,-37.26210021972656,146.66134448761636,174.51408524945583,306.1267157727899,-4.8768,JST521  ,False,False,False,4255.0,9113.52,9418.32,1648451549.61,1648451549.921
1648451560,7c6b09,-37.25221795550851,146.64449277131453,175.9518813662681,306.19980212361946,-5.52704,JST521  ,False,False,False,4255.0,9060.18,9364.98,1648451559.951,1648451559.981
1648451570,7c6b09,-37.24360656738281,146.62972957529922,176.6708854764745,306.235899172122,-5.8521600000000005,JST521  ,False,False,False,4255.0,9006.84,9311.64,1648451569.723,1648451569.958
1648451580,7c6b09,-37.23385620117188,146.61307476936503,176.36728001599812,306.101097272591,-5.52704,JST521  ,False,False,False,4255.0,8953.5,9258.3,1648451579.518,1648451579.837
1648451590,7c6b09,-37.22396074715312,146.59612904424253,175.9518813662681,306.19980212361946,-5.20192,JST521  ,False,False,False,4255.0,8900.16,9197.34,1648451589.787,1648451589.959
1648451600,7c6b09,-37.21558134434588,146.58173934273097,175.46236162605038,305.6939031158261,-4.8768,JST521  ,False,False,False,4255.0,8854.44,9151.62,1648451599.318,1648451600.0
1648451610,7c6b09,-37.2059915833554,146.564185101053,174.95029541225892,302.75547212975016,-4.8768,JST521  ,False,False,False,4255.0,8808.720000000001,9105.9,1648451609.744,1648451609.999
1648451620,7c6b09,-37.1981242551642,146.54800415039062,175.41408888434867,300.09919771583,-6.827520000000001,JST521  ,False,False,False,4255.0,8755.380000000001,9052.56,1648451619.72,1648451619.948
1648451630,7c6b09,-37.19039658368644,146.53027078379756,176.0157948304806,297.31397295990183,-8.77824,JST521  ,False,False,False,4255.0,8663.94,8968.74,1648451629.757,1648451629.937
1648451640,7c6b09,-37.1840189271054,146.5138509999151,176.34852180983285,294.4716205337049,-8.77824,JST521  ,False,False,False,4255.0,8580.12,8884.92,1648451638.497,1648451639.989
1648451650,7c6b09,-37.17741394042969,146.49456267661236,176.34852180983285,291.9255604935915,-8.77824,JST521  ,False,False,False,4255.0,8496.300000000001,8793.480000000001,1648451649.518,1648451649.984
1648451660,7c6b09,-37.17158947960809,146.47492118503737,176.19012299151558,288.91108007456387,-9.10336,JST521  ,False,False,False,4255.0,8404.86,8694.42,1648451659.858,1648451659.994
1648451670,7c6b09,-37.16716003417969,146.45757147606383,176.1082403046194,286.63511915778736,-9.10336,JST521  ,False,False,False,4255.0,8321.04,8610.6,1648451669.638,1648451669.897
1648451680,7c6b09,-37.16288421113615,146.4380811608356,176.0518768886159,284.03624346792645,-8.77824,JST521  ,False,False,False,4255.0,8237.220000000001,8526.78,1648451679.434,1648451679.8
1648451690,7c6b09,-37.15953245001327,146.419153628142,175.95639366645392,281.63845971943044,-9.10336,JST521  ,False,False,False,4255.0,8145.780000000001,8435.34,1648451689.829,1648451689.847
1648451700,7c6b09,-37.15664621126854,146.39891251273778,175.92781381065623,278.74616226255523,-8.77824,JST521  ,False,False,False,4255.0,8061.96,8343.9,1648451699.877,1648451699.994
1648451710,7c6b09,-37.1546630859375,146.3790309175532,174.35401987251868,276.0974935775094,-6.1772800000000005,JST521  ,False,False,False,4255.0,8008.620000000001,8282.94,1648451709.828,1648451709.939
1648451720,7c6b09,-37.15342712402344,146.3599801570811,173.15912990827903,273.4064437549947,-6.1772800000000005,JST521  ,False,False,False,4255.0,7947.660000000001,8221.980000000001,1648451719.927,1648451719.989
1648451730,7c6b09,-37.15292203224311,146.34021924889606,171.8312269919465,270.5146189111172,-6.502400000000001,JST521  ,False,False,False,4255.0,7886.700000000001,8153.400000000001,1648451729.73,1648451729.967
1648451740,7c6b09,-37.1530616889566,146.3220679241678,171.3870784370149,268.2799229530551,-9.7536,JST521  ,False,False,False,4255.0,7802.88,8077.2,1648451739.721,1648451739.973
1648451750,7c6b09,-37.1539306640625,146.30247724817156,170.76596438980252,265.680724972372,-4.8768,JST521  ,False,False,False,4255.0,7741.92,8008.62,1648451749.654,1648451749.913
1648451760,7c6b09,-37.155482405323085,146.28307840098506,169.86626165733975,263.3915356616831,-7.477760000000001,JST521  ,False,False,False,4255.0,7680.96,7940.04,1648451759.446,1648451759.657
1648451770,7c6b09,-37.15748415154928,146.26492707625678,169.82886540055927,260.93714388565706,-9.7536,JST521  ,False,False,False,4255.0,7597.14,7856.22,1648451769.436,1648451769.845
1648451780,7c6b09,-37.16051004700745,146.24462625254756,170.8147760283485,258.1824395252612,-11.05408,JST521  ,False,False,False,4255.0,7482.84,7734.3,1648451779.829,1648451779.946
1648451790,7c6b09,-37.16381525589247,146.2269525942595,171.93515834317074,255.7974412386363,-11.05408,JST521  ,False,False,False,4255.0,7383.780000000001,7635.240000000001,1648451789.937,1648451789.99
1648451800,7c6b09,-37.16862487792969,146.20728188372675,173.2278932713046,249.3045492659367,-9.10336,JST521  ,False,False,False,4255.0,7277.1,7520.94,1648451799.971,1648451799.986
1648451810,7c6b09,-37.17411804199219,146.19121145694814,172.3233827784404,246.4195930091392,-6.502400000000001,JST521  ,False,False,False,4255.0,7208.52,7452.360000000001,1648451809.652,1648451809.852
1648451820,7c6b09,-37.18011474609375,146.1733878927028,171.310624436697,247.20807617123168,-7.152640000000001,JST521  ,False,False,False,4255.0,7147.56,7391.400000000001,1648451819.383,1648451819.952
1648451830,7c6b09,-37.186812061374496,146.1539890455163,170.43941984503775,246.1428663087882,-8.45312,JST521  ,False,False,False,4255.0,7063.740000000001,7315.200000000001,1648451829.907,1648451829.925
1648451840,7c6b09,-37.19302368164063,146.1373316988032,170.02666053017046,243.97765310176013,-8.77824,JST521  ,False,False,False,4255.0,6979.92,7231.38,1648451839.883,1648451839.932
1648451850,7c6b09,-37.20021910586598,146.12007472826087,169.23956626109512,241.0976429637982,-6.827520000000001,JST521  ,False,False,False,4255.0,6911.34,7139.9400000000005,1648451849.936,1648451849.988
1648451860,7c6b09,-37.20721435546875,146.10495709358378,168.07523995700785,238.64525471634295,-8.128,JST521  ,False,False,False,4255.0,6835.14,7071.360000000001,1648451859.472,1648451859.904
1648451870,7c6b09,-37.21563720703125,146.08836072556517,167.37860680229923,237.04257514288497,-6.1772800000000005,JST521  ,False,False,False,4255.0,6766.56,6995.160000000001,1648451869.681,1648451869.868
1648451880,7c6b09,-37.22378540039063,146.07264092627992,167.37860680229923,237.04257514288497,-11.70432,JST521  ,False,False,False,4255.0,6675.12,6911.34,1648451879.228,1648451879.981
1648451890,7c6b09,-37.232200493246864,146.0564256751019,169.23331104487235,237.0345453507026,-11.3792,JST521  ,False,False,False,4255.0,6553.200000000001,6789.420000000001,1648451889.861,1648451889.908
1648451900,7c6b09,-37.24085920948096,146.03982676630434,169.08311643217485,236.79342968491045,-6.1772800000000005,JST521  ,False,False,False,4255.0,6469.38,6690.360000000001,1648451899.749,1648451900.0
1648451910,7c6b09,-37.24867998543437,146.02489969004756,167.2283289862781,236.7987924497313,-6.1772800000000005,JST521  ,False,False,False,4255.0,6416.04,6637.02,1648451909.806,1648451909.888
1648451920,7c6b09,-37.25733947753906,146.00835921916556,165.3735430382588,236.8042755093066,-4.8768,JST521  ,False,False,False,4255.0,6370.320000000001,6583.68,1648451919.989,1648451919.989
1648451930,7c6b09,-37.26478705971931,145.99409020465353,164.66146240803909,236.8560628790113,-8.45312,JST521  ,False,False,False,4255.0,6294.12,6507.48,1648451929.873,1648451929.935
1648451940,7c6b09,-37.2733154296875,145.97773775141292,162.80669340812418,236.8622848403338,-3.5763200000000004,JST521  ,False,False,False,4255.0,6248.400000000001,6461.76,1648451939.957,1648451939.988
1648451950,7c6b09,-37.28140620862024,145.96226567807406,159.80919470300825,236.82148834060723,-5.52704,JST521  ,False,False,False,4255.0,6210.3,6416.04,1648451949.857,1648451949.926
1648451960,7c6b09,-37.288604736328125,145.94846035571808,158.6665728707909,236.7736471831519,-7.80288,JST521  ,False,False,False,4255.0,6149.34,6362.7,1648451959.703,1648451959.956
1648451970,7c6b09,-37.29690810381357,145.93259065047553,158.6665728707909,236.7736471831519,-7.477760000000001,JST521  ,False,False,False,4255.0,6065.52,6278.88,1648451969.944,1648451969.97
1648451980,7c6b09,-37.30439758300781,145.91824795337433,158.38526891899753,236.92932217723836,-7.152640000000001,JST521  ,False,False,False,4255.0,5996.9400000000005,6202.68,1648451979.888,1648451979.908
1648451990,7c6b09,-37.31231689453125,145.90297533118206,158.38526891899753,236.92932217723836,-6.502400000000001,JST521  ,False,False,False,4255.0,5920.740000000001,6126.4800000000005,1648451989.622,1648451989.994
1648452000,7c6b09,-37.31986999511719,145.8884446164395,156.53052436518578,236.9366616737092,-4.22656,JST521  ,False,False,False,4255.0,5882.64,6088.38,1648451999.228,1648451999.999
1648452010,7c6b09,-37.32735326734644,145.8740765115489,154.24486183156634,236.8399430681781,-4.55168,JST521  ,False,False,False,4255.0,5836.92,6042.66,1648452009.359,1648452009.992
1648452020,7c6b09,-37.33534240722656,145.85881659325133,151.95965204620404,236.74031521121185,-6.1772800000000005,JST521  ,False,False,False,4255.0,5783.58,5989.320000000001,1648452019.556,1648452019.915
1648452030,7c6b09,-37.342529296875,145.84505827530572,151.95965204620404,236.74031521121185,-8.128,JST521  ,False,False,False,4255.0,5707.38,5905.5,1648452029.814,1648452029.968
1648452040,7c6b09,-37.3500242071637,145.8307282820992,152.39008793693156,236.84639413321943,-10.07872,JST521  ,False,False,False,4255.0,5623.56,5821.68,1648452039.366,1648452039.844
1648452050,7c6b09,-37.3574260129767,145.81663712211278,153.10219907818282,236.7905009020314,-8.45312,JST521  ,False,False,False,4255.0,5532.12,5730.24,1648452049.75,1648452049.952
1648452060,7c6b09,-37.36524678893011,145.80159062924594,152.67203740664146,236.6847593291612,-7.152640000000001,JST521  ,False,False,False,4255.0,5455.92,5661.66,1648452059.961,1648452059.961
1648452070,7c6b09,-37.3729248046875,145.78693795711436,151.95965204620404,236.74031521121185,-6.1772800000000005,JST521  ,False,False,False,4255.0,5394.96,5577.84,1648452069.682,1648452069.951
1648452080,7c6b09,-37.3802490234375,145.7729712952959,150.81722336564437,236.6893691754392,-6.827520000000001,JST521  ,False,False,False,4255.0,5326.38,5516.88,1648452079.89,1648452079.977
1648452090,7c6b09,-37.38787117650952,145.7584812330163,150.81722336564437,236.6893691754392,-8.128,JST521  ,False,False,False,4255.0,5250.18,5433.06,1648452089.84,1648452089.98
1648452100,7c6b09,-37.39485401218224,145.74516628099525,150.81722336564437,236.6893691754392,-7.80288,JST521  ,False,False,False,4255.0,5181.6,5364.4800000000005,1648452099.616,1648452099.868
1648452110,7c6b09,-37.402581683659946,145.73041832965353,150.5353160217562,236.853004167744,-9.7536,JST521  ,False,False,False,4255.0,5097.780000000001,5280.660000000001,1648452109.722,1648452109.936
1648452120,7c6b09,-37.40979728052173,145.71662571119225,153.38456497412963,236.62971955066388,-15.60576,JST521  ,False,False,False,4255.0,4953.0,5158.740000000001,1648452119.078,1648452119.982
1648452130,7c6b09,-37.41792297363281,145.70109265915892,157.52406326587493,236.72511201516508,-13.0048,JST521  ,False,False,False,4255.0,4815.84,5013.96,1648452129.991,1648452129.991
1648452140,7c6b09,-37.42579650878906,145.68613255277594,159.80919470300825,236.82148834060723,-11.05408,JST521  ,False,False,False,4255.0,4693.92,4861.56,1648452139.592,1648452139.942
1648452150,7c6b09,-37.43335271285753,145.67160564920178,159.80919470300825,236.82148834060723,-8.128,JST521  ,False,False,False,4255.0,4610.1,4777.740000000001,1648452149.762,1648452149.943
1648452160,7c6b09,-37.44149935447564,145.65596207328466,159.402945152677,237.38698676237107,-9.7536,JST521  ,False,False,False,4255.0,4526.280000000001,4693.920000000001,1648452159.824,1648452159.953
1648452170,7c6b09,-37.44749450683594,145.64119379571144,160.5230157429068,249.3579896843628,-9.10336,JST521  ,False,False,False,4255.0,4434.84,4602.4800000000005,1648452169.586,1648452169.978
1648452180,7c6b09,-37.45065307617188,145.6227858523105,160.98069898281943,265.6012946450045,-8.45312,JST521  ,False,False,False,4255.0,4343.400000000001,4511.040000000001,1648452179.681,1648452179.999
1648452190,7c6b09,-37.450577040850135,145.60347847316575,161.08752368443933,271.6470286612588,-8.77824,JST521  ,False,False,False,4255.0,4267.2,4427.22,1648452189.815,1648452189.938
1648452200,7c6b09,-37.4501953125,145.58678809632647,160.04500839116403,271.47352146740417,-4.8768,JST521  ,False,False,False,4255.0,4198.62,4358.64,1648452199.593,1648452199.996
1648452210,7c6b09,-37.4498291015625,145.5674451462766,157.96446796063907,271.1196446805292,-7.152640000000001,JST521  ,False,False,False,4255.0,4145.280000000001,4297.68,1648452209.993,1648452209.993
1648452220,7c6b09,-37.44960021972656,145.55143315741358,156.92650235414283,270.9391909457356,-5.20192,JST521  ,False,False,False,4255.0,4084.32,4236.72,1648452219.51,1648452219.991
1648452230,7c6b09,-37.44941323490468,145.5335003396739,154.86131632663114,270.7613608915304,-5.20192,JST521  ,False,False,False,4255.0,4030.98,4191.0,1648452229.392,1648452229.977
1648452240,7c6b09,-37.4492735781912,145.51618493121603,152.2832447383559,270.5806805858927,-5.8521600000000005,JST521  ,False,False,False,4255.0,3985.26,4137.66,1648452239.102,1648452239.956
1648452250,7c6b09,-37.44914245605469,145.4987221575798,151.2544099378974,270.5846305207052,-7.80288,JST521  ,False,False,False,4255.0,3916.68,4069.08,1648452249.578,1648452249.982
1648452260,7c6b09,-37.449005126953125,145.48101546916556,150.74613759815753,270.78214635405664,-9.42848,JST521  ,False,False,False,4255.0,3825.24,3977.64,1648452259.526,1648452259.965
1648452270,7c6b09,-37.44877624511719,145.46500348030253,150.75403767204665,270.9776487850298,-7.80288,JST521  ,False,False,False,4255.0,3749.04,3901.44,1648452269.583,1648452269.857
1648452280,7c6b09,-37.448575294623936,145.44698300568953,149.72530047922433,270.9843667030547,-6.1772800000000005,JST521  ,False,False,False,4255.0,3672.84,3817.62,1648452279.615,1648452279.985
1648452290,7c6b09,-37.4483642578125,145.43146011677194,149.20295088369994,270.7902365024292,-8.128,JST521  ,False,False,False,4255.0,3596.6400000000003,3741.420000000001,1648452289.557,1648452289.973
1648452300,7c6b09,-37.44815632448359,145.41366577148438,148.6885559824092,270.7929705362359,-8.128,JST521  ,False,False,False,4255.0,3520.44,3665.22,1648452299.793,1648452299.999
1648452310,7c6b09,-37.44797011553232,145.39623094641644,148.69656537323334,270.9911775750108,-7.80288,JST521  ,False,False,False,4255.0,3444.24,3581.4000000000005,1648452309.806,1648452309.986
1648452320,7c6b09,-37.447737354343246,145.38046795388928,148.18219861638167,270.99461847364057,-8.77824,JST521  ,False,False,False,4255.0,3352.8,3497.5800000000004,1648452319.787,1648452319.962
1648452330,7c6b09,-37.447540283203125,145.36337994514628,148.69656537323334,270.9911775750108,-9.42848,JST521  ,False,False,False,4255.0,3268.98,3406.14,1648452329.553,1648452329.992
1648452340,7c6b09,-37.44731140136719,145.34760170794547,148.69656537323334,270.9911775750108,-8.45312,JST521  ,False,False,False,4255.0,3177.54,3314.7,1648452339.551,1648452339.988
1648452350,7c6b09,-37.44708562301378,145.32983531122622,148.18219861638167,270.99461847364057,-7.477760000000001,JST521  ,False,False,False,4255.0,3101.34,3238.5,1648452349.889,1648452349.966
1648452360,7c6b09,-37.4468994140625,145.31317669412363,147.15346672279472,271.00157243565576,-6.827520000000001,JST521  ,False,False,False,4255.0,3032.76,3162.3,1648452359.401,1648452359.932
1648452370,7c6b09,-37.44667053222656,145.2969944730718,145.6021938603237,270.8097804169109,-7.152640000000001,JST521  ,False,False,False,4255.0,2964.1800000000003,3093.7200000000003,1648452369.629,1648452369.926
1648452380,7c6b09,-37.44648742675781,145.27922934674203,145.08780142202667,270.81265159425374,-8.45312,JST521  ,False,False,False,4255.0,2880.36,3002.28,1648452379.926,1648452379.953
1648452390,7c6b09,-37.44630432128906,145.26386017495014,144.57340935066128,270.8155432028971,-7.152640000000001,JST521  ,False,False,False,4255.0,2811.78,2941.32,1648452389.948,1648452389.988
1648452400,7c6b09,-37.446075439453125,145.24691317943817,143.54462632450424,270.82138859261227,-6.827520000000001,JST521  ,False,False,False,4255.0,2743.2000000000003,2865.1200000000003,1648452399.98,1648452399.984
1648452410,7c6b09,-37.445892333984375,145.2323621384641,143.03023537774382,270.8243428208451,-7.477760000000001,JST521  ,False,False,False,4255.0,2674.6200000000003,2804.1600000000003,1648452409.503,1648452409.977
1648452420,7c6b09,-37.44568905587926,145.2153147821841,141.48706485214885,270.8333343902814,-6.1772800000000005,JST521  ,False,False,False,4255.0,2613.6600000000003,2735.5800000000004,1648452419.73,1648452419.909
1648452430,7c6b09,-37.44550284692798,145.1988352899966,140.97267546258925,270.8363753254224,-8.45312,JST521  ,False,False,False,4255.0,2529.84,2651.76,1648452429.739,1648452429.931
1648452440,7c6b09,-37.44529724121094,145.18356647897275,140.45828647304197,270.8394385337123,-8.77824,JST521  ,False,False,False,4255.0,2446.02,2567.94,1648452439.987,1648452439.987
1648452450,7c6b09,-37.44508387678764,145.16736901324728,140.46676515320394,271.0492559408801,-8.45312,JST521  ,False,False,False,4255.0,2362.2000000000003,2476.5000000000005,1648452449.773,1648452449.949
1648452460,7c6b09,-37.44488525390625,145.15218531831783,139.9628079478499,271.26367255165826,-9.10336,JST521  ,False,False,False,4255.0,2278.38,2400.3,1648452459.974,1648452459.981
1648452470,7c6b09,-37.444610595703125,145.13535519863697,140.99144754084637,271.2544516226816,-9.7536,JST521  ,False,False,False,4255.0,2186.94,2293.62,1648452469.877,1648452469.965
1648452480,7c6b09,-37.44438171386719,145.120395092254,141.49548188595423,271.04162667601,-10.07872,JST521  ,False,False,False,4255.0,2087.88,2202.1800000000003,1648452479.143,1648452479.896
1648452490,7c6b09,-37.44415283203125,145.10401850161347,142.5158448139796,270.82731837481475,-9.10336,JST521  ,False,False,False,4255.0,1996.44,2103.12,1648452489.803,1648452489.995
1648452500,7c6b09,-37.4439697265625,145.0875529837101,143.03023537774382,270.8243428208451,-8.128,JST521  ,False,False,False,4255.0,1912.62,2011.68,1648452499.65,1648452499.829
1648452510,7c6b09,-37.44378662109375,145.07247600149603,141.48706485214885,270.8333343902814,-4.22656,JST521  ,False,False,False,4255.0,1859.28,1958.34,1648452509.667,1648452509.972
1648452520,7c6b09,-37.44359420517748,145.0557741911515,138.409339325923,271.064854693459,-3.90144,JST521  ,False,False,False,4255.0,1821.18,1912.62,1648452519.877,1648452519.937
1648452530,7c6b09,-37.44336144398835,145.0412650730299,135.32322055152392,271.0891421698965,-3.5763200000000004,JST521  ,False,False,False,4255.0,1783.0800000000002,1874.52,1648452529.951,1648452529.951
1648452540,7c6b09,-37.443145751953125,145.02525816572475,132.751474272556,271.11024434322053,-4.55168,JST521  ,False,False,False,4255.0,1744.98,1836.42,1648452539.931,1648452539.975
1648452550,7c6b09,-37.44291687011719,145.01035649725733,131.20843541974273,271.1233027140754,-5.52704,JST521  ,False,False,False,4255.0,1691.64,1775.46,1648452549.531,1648452549.962
1648452560,7c6b09,-37.4426166081833,144.9962450110394,129.1623311296526,271.3693594409072,-3.2512000000000003,JST521  ,False,False,False,4255.0,1653.5400000000002,1737.36,1648452559.621,1648452559.982
1648452570,7c6b09,-37.44232177734375,144.98078691198472,130.19092761408191,271.3585385380604,-2.60096,JST521  ,False,False,False,4255.0,1630.68,1714.5,1648452569.979,1648452569.992
1648452580,7c6b09,-37.44209289550781,144.96763838098406,128.63671962829432,271.1457628381751,-3.2512000000000003,JST521  ,False,False,False,4255.0,1600.2,1684.02,1648452579.722,1648452579.889
1648452590,7c6b09,-37.44190979003906,144.9518017058677,125.52855268327376,270.46962701968965,-3.2512000000000003,JST521  ,False,False,False,4255.0,1569.72,1653.54,1648452589.986,1648452589.986
1648452600,7c6b09,-37.44236755371094,144.93865317486703,123.11129687396516,264.00352592758844,-3.5763200000000004,JST521  ,False,False,False,4255.0,1539.24,1623.06,1648452599.303,1648452599.967
1648452610,7c6b09,-37.44410627979346,144.9248338782269,119.59135725937128,260.0919628972416,-3.90144,JST521  ,False,False,False,4255.0,1501.14,1584.96,1648452609.679,1648452610.0
1648452620,7c6b09,-37.44606147378181,144.91133980129075,115.03317546169018,259.695153531234,-3.2512000000000003,JST521  ,False,False,False,4255.0,1470.66,1546.86,1648452619.595,1648452619.971
1648452630,7c6b09,-37.44781494140625,144.89938289561172,110.38630508663525,259.52797165613833,-3.5763200000000004,JST521  ,False,False,False,4255.0,1432.5600000000002,1508.7600000000002,1648452629.958,1648452629.958
1648452640,7c6b09,-37.44959944385596,144.88709822944972,106.75177848914818,259.4481904938077,-3.90144,JST521  ,False,False,False,4255.0,1402.0800000000002,1470.66,1648452639.721,1648452639.937
1648452650,7c6b09,-37.451202392578125,144.87635835688167,104.12885390563903,259.46728817685795,-4.8768,JST521  ,False,False,False,4255.0,1356.36,1432.5600000000002,1648452649.698,1648452649.988
1648452660,7c6b09,-37.45298767089844,144.86408639461436,102.01179358415702,259.54009090707086,-4.55168,JST521  ,False,False,False,4255.0,1310.64,1379.22,1648452659.974,1648452659.974
1648452670,7c6b09,-37.454673637778114,144.85246741253397,102.01179358415702,259.54009090707086,-5.52704,JST521  ,False,False,False,4255.0,1257.3,1325.88,1648452669.825,1648452669.826
1648452680,7c6b09,-37.456209861626064,144.84183933423913,101.91965312729434,259.8244891569568,-4.55168,JST521  ,False,False,False,4255.0,1211.5800000000002,1280.16,1648452679.855,1648452679.961
1648452690,7c6b09,-37.45793229442535,144.83001708984375,102.4260458652006,259.87532834460217,-4.22656,JST521  ,False,False,False,4255.0,1165.86,1242.06,1648452689.815,1648452689.9
1648452700,7c6b09,-37.459716796875,144.8196735787899,101.12063900078772,254.05460409907715,-3.5763200000000004,JST521  ,False,False,False,4255.0,1135.38,1196.34,1648452699.625,1648452699.995
1648452710,7c6b09,-37.46434020996094,144.8096806952294,98.34899231645706,227.9682340298717,-2.60096,JST521  ,False,False,False,4255.0,1104.9,1165.86,1648452709.727,1648452709.824
1648452720,7c6b09,-37.47175598144531,144.80407065533578,96.67715475005964,196.6992442339936,-2.27584,JST521  ,False,False,False,4255.0,1082.04,1143.0,1648452719.265,1648452719.977
1648452730,7c6b09,-37.48036193847656,144.80331096243353,95.88551682180496,176.30861401354872,-2.60096,JST521  ,False,False,False,4255.0,1059.18,1120.14,1648452729.754,1648452729.993
1648452740,7c6b09,-37.48949471166577,144.80470076851222,96.10744721131417,172.00001652778104,-2.60096,JST521  ,False,False,False,4255.0,1028.7,1089.66,1648452739.741,1648452739.979
1648452750,7c6b09,-37.497344970703125,144.80611598238033,95.59803653488052,171.9571057664947,-2.60096,JST521  ,False,False,False,4255.0,1005.84,1066.8,1648452749.561,1648452749.999
1648452760,7c6b09,-37.50630006951803,144.8076861837636,94.50799744313105,172.17864789562506,-3.5763200000000004,JST521  ,False,False,False,4255.0,975.36,1036.32,1648452759.783,1648452759.99
1648452770,7c6b09,-37.51379497980668,144.8089997664742,92.54274190254446,171.68972283247584,-4.22656,JST521  ,False,False,False,4255.0,944.88,1013.46,1648452769.504,1648452769.959
1648452780,7c6b09,-37.52263990499205,144.8106118907099,92.03372966199773,171.64343329350285,-6.1772800000000005,JST521  ,False,False,False,4255.0,883.9200000000001,952.5,1648452779.916,1648452779.917
1648452790,7c6b09,-37.53131103515625,144.81225196351397,91.52477816095856,171.59662890943915,-5.52704,JST521  ,False,False,False,4255.0,830.58,883.9200000000001,1648452789.949,1648452789.949
1648452800,7c6b09,-37.53826904296875,144.81353759765625,90.50706147598358,171.50144112050634,-4.8768,JST521  ,False,False,False,4255.0,784.86,845.82,1648452799.469,1648452799.858
1648452810,7c6b09,-37.54707982984644,144.81526913850203,89.05975126400209,171.02737338510363,-4.22656,JST521  ,False,False,False,4255.0,731.52,784.86,1648452809.752,1648452809.998
1648452820,7c6b09,-37.554155769994736,144.81652301290762,87.23277506503739,172.20439797938403,-4.55168,JST521  ,False,False,False,4255.0,693.4200000000001,754.3800000000001,1648452819.533,1648452819.829
1648452830,7c6b09,-37.56202309818593,144.81795601222825,82.64795434855094,171.76902489880965,-5.20192,JST521  ,False,False,False,4255.0,655.32,708.6600000000001,1648452829.551,1648452829.789
1648452840,7c6b09,-37.569671630859375,144.8193813892121,80.10307730294961,171.50562421019103,-4.8768,JST521  ,False,False,False,4255.0,609.6,655.32,1648452839.691,1648452839.891
1648452850,7c6b09,-37.576128426244736,144.82058317764947,76.46548591032197,171.48829486157533,-2.92608,JST521  ,False,False,False,4255.0,571.5,617.22,1648452849.364,1648452849.851
1648452860,7c6b09,-37.58325091863082,144.8219564686651,70.71687266949702,171.63411387596744,-3.5763200000000004,JST521  ,False,False,False,4255.0,541.02,586.74,1648452859.865,1648452859.867
1648452870,7c6b09,-37.58908081054688,144.8230629778923,67.00620757282299,172.05652818940956,-3.90144,JST521  ,False,False,False,4255.0,495.3,548.64,1648452869.901,1648452869.901
1648452880,7c6b09,-37.59507518703657,144.82410596764606,64.96879852737054,171.8057366653698,-3.2512000000000003,JST521  ,False,False,False,4255.0,464.8200000000001,502.9200000000001,1648452879.953,1648452879.953
1648452890,7c6b09,-37.60047524662343,144.82512100883153,64.45964844331064,171.7405620201212,-3.90144,JST521  ,False,False,False,4255.0,426.72,472.44000000000005,1648452889.983,1648452889.983
1648452900,7c6b09,-37.60633850097656,144.82621862533244,64.02709758623016,171.21883726561455,-3.2512000000000003,JST521  ,False,False,False,4255.0,396.24,434.34,1648452899.566,1648452899.878
1648452910,7c6b09,-37.6121133060779,144.82733021611753,63.950583093812426,171.6743496695732,-3.90144,JST521  ,False,False,False,4255.0,365.76,403.86,1648452909.539,1648452909.652
1648452920,7c6b09,-37.61746681342692,144.82828554899797,63.950583093812426,171.6743496695732,-3.2512000000000003,JST521  ,False,False,False,4255.0,327.66,365.7600000000001,1648452919.559,1648452919.741
1648452930,7c6b09,-37.62350463867188,144.82943271068817,63.950583093812426,171.6743496695732,-3.5763200000000004,JST521  ,False,False,False,4255.0,297.18,342.90000000000003,1648452929.835,1648452929.871
1648452940,7c6b09,-37.62891866393011,144.8303753396739,63.44160451864603,171.6070748126075,-3.2512000000000003,JST521  ,False,False,False,4255.0,266.7,304.8,1648452939.832,1648452939.832
1648452950,7c6b09,-37.63362043994971,144.8312709642493,62.93271482321608,171.53871185742864,-3.2512000000000003,JST521  ,False,False,False,4255.0,236.22,266.7,1648452947.959,1648452948.349
1648452960,7c6b09,-37.6399515442929,144.83246513034987,63.5187321282338,171.14799590061057,-3.5763200000000004,JST521  ,False,False,False,4255.0,198.12,236.22,1648452959.006,1648452959.743
1648452970,7c6b09,-37.64515686035156,144.83346492686172,63.950583093812426,171.6743496695732,-3.2512000000000003,JST521  ,False,False,False,4255.0,167.64,205.74,1648452968.472,1648452969.784
1648452980,7c6b09,-37.6509378724179,144.83449521272078,63.950583093812426,171.6743496695732,-3.2512000000000003,JST521  ,False,False,False,4255.0,137.16,182.88,1648452978.726,1648452978.726
